block_num,tx_hash,from,to,detect_time
25532078,0xa52dedeac116d9dc455f794e928b7d5c109f4d1ce0b77375a6d46f71d8011230,0xc6acbee42e9e323140c1ed060c2f6ea9cc3b4b75,0x7c5a71c9fefbc7691f9d4ac7baf70c743792f716,2026-07-15T00:30:41
25532078,0xca827da6660c7193f98dbf4047cb7248e0d5eafe43f3d23455c2ea13d2b501cd,0x5b43453fce04b92e190f391a83136bfbecedefd1,0xbdb3ba9ffe392549e1f8658dd2630c141fdf47b6,2026-07-15T00:30:41
25532078,0xefb732e312a7854631c61014066f199bb345284bcc7f73efc46a41dc833d9a7d,0x5d37dd4864e39aa40fb9ed82c2ba40e73c2a89e0,0x97060b8cc764e8b50e4618ebd71b8eb328542483,2026-07-15T00:30:42
25532078,0x745c1aa10da3d0cdf0f20e152d8d9d07c7f9318d36f791dec1e2d5cf24ffe606,0xc43a24e504ec46f59943b29c9dad6ac6b0aae989,0x7cff22327b1f1136a8f0f81d5cd19a14cfa26448,2026-07-15T00:30:46
25532078,0x8a8b7ef4f87b40ac9240e57887746296d47b4fb594ad840f2052d0f5d2ee9f42,0xf5f48b10aaee5fd6452bf14df51f3de669b15c35,,2026-07-15T00:30:46
25532079,0xa7c9f59a8aea2037684c8f1e6cdd9002b6d18fe15065dd6c4e26b915c4f43697,0xa54dc4425190570cb5c841adf445bbecf3b249f5,0xe742f9df04a61ac0a6aea0b87d3c3b96ac6eea88,2026-07-15T00:31:46
25532079,0x61c66a6db9543a997bb094936eea1c7e90111849f096df8f77ab3e87fec7c08b,0x09cfee647fa339133380191c8db6b44f24500c9d,0x41cc011e768b2859f2aba42551762a2a17b26fed,2026-07-15T00:31:47
25532080,0x65bc0fec832a156b473765ec2a28181f6220104b394b7ba3c1e010546e740b72,0x99a5b028d785a7bd475339b1f8548d6d659ce5c2,0x2d83ff1cb1c79c68fe530d35f439a92a645faded,2026-07-15T00:32:28
25532080,0x79488de84a5e437fb61426be29fef4daae3a3616d5f499d7946c86c2658bbfc4,0x78c91e58b0ee58b5e5f37f5b5925454911314199,0x97caca78ac2a94c67643d07843f85afaa44a3ea5,2026-07-15T00:32:28
25532080,0x0ffa5344832930fb4388cfbccf06e765837f3c2901e2106748b11fdcf77063c7,0x80d04079ffc53eb14edbeeb37279d126f45552df,0xdfa80c5533274bef8254d5b68c87dea4727f2b76,2026-07-15T00:32:29
25532080,0x222e8302df525d59e4e75acdc2f73bcdfa2a23338cb53879e90d6f33038c8163,0x07ae8551be970cb1cca11dd7a11f47ae82e70e67,0x5c7bcd6e7de5423a257d81b442095a1a6ced35c5,2026-07-15T00:32:29
25532080,0xd8b715af4dfca38ffc1223e2c76ffddc1ba4bf9bb83acfefba04491debe3f592,0x161643f280b09be8e0271eef8efc6c264d125003,0xe5c8ed1b451fb80488f1b59240063561f5b639f6,2026-07-15T00:32:31
25532081,0x4c636e89edfa25edf28997f5a9a28ff5d8b54195570c5d658df6e213e48a79a4,0x5b43453fce04b92e190f391a83136bfbecedefd1,0xbdb3ba9ffe392549e1f8658dd2630c141fdf47b6,2026-07-15T00:32:57
25532081,0xaceb82efc263f161c4f956b2540da426d0739818dfbd3ed356d2d49cf3d08d0f,0x5343b904bf837befb2f5a256b0cd5fbf30503d38,0x367c1eaf14aa06b78ce76bd0243297de79d85270,2026-07-15T00:32:58
25532081,0x4f9f5bb3a33c453640a8e8605f5ada638f1baf92f6800b1d3de2c7e388a471b1,0x0604e652a188931e245717d45feb26f583b92908,0xd01607c3c5ecaba394d8be377a08590149325722,2026-07-15T00:32:59
25532081,0xaa1ba8f4244a1f967901a5392116b137ec3b3abfcb65b597a1390cd82e90dc8f,0x0217d0c146b6a9cb64ae4a1aeafcfc3747b40b01,0x0000000071727de22e5e9d8baf0edac6f37da032,2026-07-15T00:32:59
25532081,0xd4cbba785eccaf7a0e19596075c77f324957cafa9c83ba07f27a50b8b5ecf941,0x59aab1bd0d26290274398c07b55955c15425e16b,0x00fe78205f5f0e63b8ad2b2ae5337f538a610e04,2026-07-15T00:32:59
25532081,0xda5cb048d2f77ffa01caec79a034433046c26bb4d973b8b8f129e745fc3d6970,0x99a5b028d785a7bd475339b1f8548d6d659ce5c2,0x2d83ff1cb1c79c68fe530d35f439a92a645faded,2026-07-15T00:32:59
25532082,0xb76604323d29c81f8a4b6e839f91ad73c37fa157d7a2579237a87cc8098d233a,0x5b43453fce04b92e190f391a83136bfbecedefd1,0xbdb3ba9ffe392549e1f8658dd2630c141fdf47b6,2026-07-15T00:33:27
25532082,0xc7498ba08d2cbb3b78b98408b630e2481b19cb3d7f73c737488b9d9a52b8b8d0,0xada5bb90d0de0bd1b6f3938708f49295a8d1f7cb,0xb92fe925dc43a0ecde6c8b1a2709c170ec4fff4f,2026-07-15T00:33:28
25532082,0xe0a672631a841ecb04ee90f21d9302361ce7536c055171b615a7548336b5c6f2,0x836219ebfafd339d1bbb41cef918ca19f1b58869,0x28b1dc1a5e3699a428bc51d234dfab7c9cb2a183,2026-07-15T00:33:28
25532082,0xe3205be5e4642df3324db2be24c10be51249bcdc8977130636b19f4976e78d5c,0x53e7826bfcd9c7ba986f66ca62089de60ccc547c,0x824520adebfa988772ae597ba1d2d81203380b9e,2026-07-15T00:33:28
25532082,0xeceefc8ad7d252af3375b16c7ac11cc67db1fee7c59c71ab1d9e56b3b3ccd0cb,0x7830c87c02e56aff27fa8ab1241711331fa86f43,0xa9d1e08c7793af67e9d92fe308d5697fb81d3e43,2026-07-15T00:33:28
25532082,0x0002a656c4d837b57f9d62527b6b11cfcae02ce47e581043bc51f566d4047a3a,0x41c2d59c6e0af4c2e88197f2797b4555d6b2a20d,0x0000000000000068f116a894984e2db1123eb395,2026-07-15T00:33:29
25532082,0x3ead03880504df0f6c017fa9eb6fb2e6f1be9289ff1788facff9d3ffe4b659c4,0x59aab1bd0d26290274398c07b55955c15425e16b,0x00fe78205f5f0e63b8ad2b2ae5337f538a610e04,2026-07-15T00:33:30
25532082,0x58206f3c675f3d899dae4e0dd332c9cbb528ae48d14ad35290fa2b03633340fd,0x99a5b028d785a7bd475339b1f8548d6d659ce5c2,0x2d83ff1cb1c79c68fe530d35f439a92a645faded,2026-07-15T00:33:30
25532082,0xc5a1e32d8560762fd0af61e511106150568cb46d3a0f481a623160274e94dc4a,0xa48735b97830a5c236e96dd9834b23d895b8f87f,0x6566194141eefa99af43bb5aa71460ca2dc90245,2026-07-15T00:33:30
25532083,0x0bad93def9a134bfba413590afa76cfa7cccd0b06e1b1807e438f614e2494a4d,0xca7ded7e4f4ba8ab3b10009236ae6d1b95094589,0xccc88a9d1b4ed6b0eaba998850414b24f1c315be,2026-07-15T00:33:38
25532083,0x1f028e089bf29d2df44a244d90c69a90e0372af019d5d832116fbebb42e02d43,0x970df0f4bd124df46b1dee31329f7444f9e66b68,0xd226997439ecfbeff8e110c8c78c8a7eefd19f89,2026-07-15T00:33:38
25532083,0x88cdc725663fce7e1208e1f2c8bb32648ec102d9f2fd7a96345424ae97b3b0e0,0x9307514e06a07b149471ccfd690d0e3e6ace8df2,0x06cff7088619c7178f5e14f0b119458d08d2f5ef,2026-07-15T00:33:38
25532083,0xbdaa606b84bbeb15dccd22f2fd7cc13974532569b36e19bf366e959381ff2a33,0x2ee36e41387f87b7e6f678a86d1e575b23b996f5,0x50d3865a63d52c0a54e4679949647ea752107390,2026-07-15T00:33:38
25532083,0xc08f69d5303bf63ce0c8a9d5896c4e26b2ecc2ca9e3fd1fd323861a78cf865a4,0x4962e45204ceddaeb79b4489eaccfba22e934951,0xbb49ff58d68160e70458b347af5109a1397ae8de,2026-07-15T00:33:38
25532083,0x0cf056b13c5b68f2f4b4eb4e37dd31e9e6235a15aa4a0c4e3bbfcc4fcf0615c4,0xde992badd92adaf9146255e9bde6a70770973664,0x3d0f22bf11636cc9cb129e2b261eed35a487455c,2026-07-15T00:33:39
25532083,0x16c77b1eee88b8b32f07ec5e2a32080f269b3047d4d9e7c61965219041b88060,0x0037825fd75af7eeace28889665e3fac8fdb6300,0x36331e299247e5d0d3261e1d9852f6e0cffee95c,2026-07-15T00:33:39
25532083,0x2b2a282d7047db97970195462207905ac66553af03b0fb2fd6699757ea73b433,0x99a5b028d785a7bd475339b1f8548d6d659ce5c2,0x2d83ff1cb1c79c68fe530d35f439a92a645faded,2026-07-15T00:33:39
25532083,0x55d7743188d660645d2b4161c1898b73a25442b4080e14d381e0b15005aa4754,0x7d0779ea1815750213570db47b21afedc0f8776a,0x276748a7c1dcbb824ea6e393962840a50c1021fb,2026-07-15T00:33:39
25532083,0x56c167d415382760164428ca2e8d8809605041c75fb15c041a398b827b1faf21,0xcbc14ba5961d0481f9c91c2e9754fb0b80b13686,0x7a250d5630b4cf539739df2c5dacb4c659f2488d,2026-07-15T00:33:39
25532083,0x5ce8f5a3d9108b06da191111a7442d28693ad5b2b1a33ca91e022f39b389a457,0xa38d1c6acd78cd2444147a793a39be424662d9f1,0x28b1dc1a5e3699a428bc51d234dfab7c9cb2a183,2026-07-15T00:33:39
25532083,0xf5afef72eb053b8a9f4da32ec62f9c7316ca89c607e3408822d6811646e77371,0xde992badd92adaf9146255e9bde6a70770973664,0x3d0f22bf11636cc9cb129e2b261eed35a487455c,2026-07-15T00:33:39
25532084,0x3b31b013b87322a8532491b335388ab29561cc0725dcb433a7c79dcaed3e0e2d,0xfc9928f6590d853752824b0b403a6ae36785e535,0xe2536231fc1512babc8c856ad7499830a936bdd9,2026-07-15T00:34:27
25532084,0x43a87a87af0a00d1ce5d27fab5883575fd5ab3c518707ba5fc86ba0dd9e0fd91,0x9cc24bab8b4817320047c0734e1e65d0449f8258,0xb300000b72deaeb607a12d5f54773d1c19c7028d,2026-07-15T00:34:28
25532084,0x653ccef291c0af5f4e9904920f8ae51e71b7b12f0214b0f01e69a62ad57b146b,0x834d10cef4e5a75d3edddcbb1c5a94f8094e5713,0xd226997439ecfbeff8e110c8c78c8a7eefd19f89,2026-07-15T00:34:28
25532084,0x65e0645e1901134fb5c1460fc57aadcbd300b9cfe4952e599f611ee2f74b677a,0x99a5b028d785a7bd475339b1f8548d6d659ce5c2,0x2d83ff1cb1c79c68fe530d35f439a92a645faded,2026-07-15T00:34:28
25532084,0x78df0b138709a921024ec33bd35cda43a3856929096d8fbab9ab405207a73af2,0xcd242a75f180c27e3721dd6ecb7198aa7ca0d1bd,0x28f1b9f457cb51e0af56dff1d11cd6cedffd1977,2026-07-15T00:34:28
25532084,0xa79696158e2047d986f4a8c4b3f5fe1dc94b1847eb66b50580c09c682aefbac0,0xabb2acd3be814a80e502575d6c1dc5f789e9cd10,0xccc88a9d1b4ed6b0eaba998850414b24f1c315be,2026-07-15T00:34:28
25532084,0x27aab74cf8afebee42f0ce31b34e372a348bb1651bef5c4a4a36e65e5d9079a3,0xaaff851b328278e5274340eef0aeb772f0f3b770,0xb99394f8b95d426cb2f013b857c74acc924b20d5,2026-07-15T00:34:29
25532084,0x443012ef3a5944c8edb51bed0be6501506268bb3eccaf1973f894a8dc1ac2aef,0x59aab1bd0d26290274398c07b55955c15425e16b,0x00fe78205f5f0e63b8ad2b2ae5337f538a610e04,2026-07-15T00:34:29
25532084,0x6a36a40bdfe989f78cd9c9bc368a0758ba41a115da876d94a1b54fe0af12e292,0x80d04079ffc53eb14edbeeb37279d126f45552df,0xdfa80c5533274bef8254d5b68c87dea4727f2b76,2026-07-15T00:34:29
25532084,0xa3d468ee96f611b769a733ca2d8266f61586ca1d0789e7c765b75c239959e3ac,0x0604e652a188931e245717d45feb26f583b92908,0xf8b2c637a68cf6a17b1df9f8992eebeff63d2dff,2026-07-15T00:34:30
25532084,0xbcc213ca77265223ca993be1d2f78173848f0a52bcac8d02ff943e648224b809,0x3cfdc212769c890907bce93d3d8c2c53de6a7a89,0x433709009b8330fda32311df1c2afa402ed8d009,2026-07-15T00:34:30
25532085,0x1b3a0d95097cdca8bcf78dbaf6c4177b7738060da81bb50e7100e14a262b20f3,0x49719d256a5ea16bfa579ea16e95bea9fa41a452,0xa929c559e5e6537359680f39cb4e3708e1a14dd1,2026-07-15T00:34:33
25532086,0x29b23f55cc9897f81f666aa05017447225992d03dfe349c9e301e30e441495ca,0x5e8381077866763692f151ca44cce0435a76d78c,0xcb0151ac9479a6a0261622baa63ae843c9793d45,2026-07-15T00:35:18
25532086,0x6a5d151ec0a70931676833c1bd668cc06218ee2f8008ff591668a693fbee7d7a,0x7830c87c02e56aff27fa8ab1241711331fa86f43,0xa9d1e08c7793af67e9d92fe308d5697fb81d3e43,2026-07-15T00:35:18
25532086,0x5ec1dfe30da29e4fe199fb6401e6e32a58acdeb9b05c1c77227da7c598356cd8,0xe33fae378ab2eb2b8e82cc57a8f503b02a6f0498,0x6131b5fae19ea4f9d964eac0408e4408b66337b5,2026-07-15T00:35:19
25532086,0x7ad06b855e81afd5b1231233c79e3df36cb553ac4f3e573d80c6d39ca491ec4b,0x124ce844fab46dc12183dc35c82ccc9bc83fddd5,0x95480d3f27658e73b2785d30beb0c847d78294c7,2026-07-15T00:35:19
25532086,0x1258fd194104c881c50a39bf8a7b0e5441ffd6c50cc2a6a23c58575c20b2e808,0x388a501588f2f1d6c6f61d99a7375409b130068b,0xb222da0f9c22ad2addcb0b0d6b150f398e44157a,2026-07-15T00:35:20
25532086,0xa767095591a4e35e23b833edc6864d786913044fffbe4c7c29b36abd0f7a851e,0x8e3435ad7c1183bc0e34f9ec34ea3423182e1c67,0x0000000071727de22e5e9d8baf0edac6f37da032,2026-07-15T00:35:20
25532086,0xce4cc2ce69ee66413e2036758946b4269ff0345cd6631ce83e83e4833a409a98,0xa67d7eb4dc68fa6ce8e34ef8cadaf075b9893fbb,0xccc88a9d1b4ed6b0eaba998850414b24f1c315be,2026-07-15T00:35:20
25532086,0x4e6de6efbe3be4e7bdb0d7cf04ce278eda9501a8faa53c669dc6e27ed51607fd,0xda566a39129dc0fd066b3133579015169c8ee496,0xaaf4b27e511e8f53232b70caf9136d0b130e666a,2026-07-15T00:35:21
25532086,0xceb7fd10b167aa0bd1a2ea08b5ba31a4eaf71f1ea3a8fcdbda30c14058fe8e76,0x59aab1bd0d26290274398c07b55955c15425e16b,0x00fe78205f5f0e63b8ad2b2ae5337f538a610e04,2026-07-15T00:35:21
25532086,0xe10458f5b28682ccfbe50b07e4336c1c8d79ef403bcf4599accc1d6871b41301,0x09cfee647fa339133380191c8db6b44f24500c9d,0x41cc011e768b2859f2aba42551762a2a17b26fed,2026-07-15T00:35:21
25532086,0xf92a59745bc2af7222342b693d52e0288b09ec25d4088b393a0c783a99b274aa,0x2b3fed49557bd88f78b898684f82fbb355305dbb,0x09c30cdcdd971423cb3ba757a47d56c35d06d818,2026-07-15T00:35:21
25532087,0x0f6356a4c65ef86d614493481d59ca658301564b13c8ba7a69b1931de92868af,0x5d37dd4864e39aa40fb9ed82c2ba40e73c2a89e0,0x97060b8cc764e8b50e4618ebd71b8eb328542483,2026-07-15T00:35:40
25532087,0x1262e7841f2d7af3a5c4e139de355268b53311fd2022601a576f2b474e45a4e2,0x3ee92cd00993a4488ae153ab41ac7947cbcbc1de,0x37bab29dafe65278552bc74adbbabc15904b5502,2026-07-15T00:35:40
25532087,0x27ee1879ffca7ef380b85fab2eaeba52d68bcf77ba99908706c2c836543d8d4e,0x3ee92cd00993a4488ae153ab41ac7947cbcbc1de,0x37bab29dafe65278552bc74adbbabc15904b5502,2026-07-15T00:35:40
25532087,0x6262a85176ff149997b99843240a3d275bf351d23dcf21745f01613de583ea4c,0x49219283f93027d37d1c26c58593c1330150a0e8,0xa6c840a62fc019d210a4253da6972dcf50f51592,2026-07-15T00:35:40
25532087,0x8a78d05e30d06570cb9168c78d1a642abc03521d1c2d4a4f01b9942fbedcf984,0x974a28a2c7b91f1442c48dafa9bcc3b562889ba7,0x0000000025e904c59afdb33d50f982d46a7ff880,2026-07-15T00:35:40
25532087,0xa73acbc2c11aea329ec828efecd17adbc84ab68256f46f3b5fe601c8816a831e,0x883a95fdf8df78e7128fced0e9d931a687ff542f,0x6f714629052538051c41d5965369bec0eea594e3,2026-07-15T00:35:40
25532087,0xb478ff0781d3b3c7ee8fd34f0b75e16d70fe6874550ba7f98d4bc20abbd8b828,0x7830c87c02e56aff27fa8ab1241711331fa86f43,0xa9d1e08c7793af67e9d92fe308d5697fb81d3e43,2026-07-15T00:35:40
25532087,0xf34b9e88712262cbb2a28f1fe35497ed18fab3d5bbef9afc22ce10ac959cde8f,0x7830c87c02e56aff27fa8ab1241711331fa86f43,0xa9d1e08c7793af67e9d92fe308d5697fb81d3e43,2026-07-15T00:35:40
25532087,0x196b69bb722f9a7efd4f2b58307536f452aa6cea74f72673328701dcacd52872,0xce4066e366442441d67c20cf1395229e718495c4,0x7dac2c6a4b0ec57431844b8f78d2d612bb1e0d38,2026-07-15T00:35:41
25532087,0x352d8541381c2b2e28defa9f5cb4a775318f873dfd0e6ea6bc18533d282ec603,0x3d75430d3b4ebf09980bb6c8103f799b9ad33478,0x0000000071727de22e5e9d8baf0edac6f37da032,2026-07-15T00:35:41
25532087,0x0465a9493cdc4f5667ab06cb2456421c81cf57b93a5566d688a60120124e62bf,0x3655d11a671d3a5797577037ad8524667dbd242f,0x2cf436ffb93c3ba1deca6c969fc5981df3015f2d,2026-07-15T00:35:42
25532087,0x540b5ce82ac561faa33633b6905f7112b8304dd7fc78007a9cdb34e3fc09205a,0xde992badd92adaf9146255e9bde6a70770973664,0x3d0f22bf11636cc9cb129e2b261eed35a487455c,2026-07-15T00:35:42
25532087,0x6d7e5733037ac865d1704f9f05fc46490835899d7ea190a288fbcc86c7f34fcb,0xf70da97812cb96acdf810712aa562db8dfa3dbef,0xccc88a9d1b4ed6b0eaba998850414b24f1c315be,2026-07-15T00:35:42
25532087,0x701fad16a866ffc11aaa787bab7da0496052d5c202d8f9056bf00a4391f8789a,0xd6434d157f254276d69ede3bd9fc805482206908,0x7ec8a30a34b86927dc77b302603d1d53e640bef7,2026-07-15T00:35:42
25532087,0xac9e40e1842f6b36f40c16c6e4bbb389651f5e77e56db2231ccfb8a472b8260f,0x59aab1bd0d26290274398c07b55955c15425e16b,0x00fe78205f5f0e63b8ad2b2ae5337f538a610e04,2026-07-15T00:35:43
25532088,0x1e475d16baf2d272bef3e1856916ec8d3651d0f6660ad6cca54d47ca81c9490a,0x883a95fdf8df78e7128fced0e9d931a687ff542f,0x4ebc36dcee3ca916ff4157b51c2a16105a3774b5,2026-07-15T00:36:11
25532088,0xb34b61e372fb8d87f140ab615da5030d02edb06462d119d59cbfebd835e4e423,0xbe0b407782a7599380fa726db315340126d62229,0x4d2fb5f8ec243fde4df1a9678b82238570c7e0e4,2026-07-15T00:36:11
25532088,0x0020dc5faf30f818ed922dc95a75d910fbc6ef8701a621550a1ea7bdb7b2ebad,0xde992badd92adaf9146255e9bde6a70770973664,0x3d0f22bf11636cc9cb129e2b261eed35a487455c,2026-07-15T00:36:12
25532088,0xbf72d6bafb4fee2a3110934f324bafb29aa6d76ff04465718592d08a2c52fa79,0xcb2ed83402408d32441bfaef2167393f31e8574c,0x49e55995ef73717895a638074de5af89fa1e301c,2026-07-15T00:36:12
25532088,0xb9d8bfc738d316bafe619cddd603b985f0173d05a0a41a83f3aa260f4e960275,0x43370108f30ee5ed54a9565f37af3be8502903f5,0x0000000071727de22e5e9d8baf0edac6f37da032,2026-07-15T00:36:13
25532088,0x44b62337255761eb63c939e25d1b2011e732c2606ffdcd9b057692f8a5b34b9a,0xed0c6079229e2d407672a117c22b62064f4a4312,0xc13e21b648a5ee794902342038ff3adab66be987,2026-07-15T00:36:14
25532089,0x4c554604c4e9b55982ec7bdb9c267a236072abae9bd7182e02753e710fe8f329,0x654fae4aa229d104cabead47e56703f58b174be4,0x000000000035b5e5ad9019092c665357240f594e,2026-07-15T00:37:06
25532089,0x18f37e1533f1741c333e653079087fd744f926bf5dcae0f8bea8c79ed4b69c45,0x5d37dd4864e39aa40fb9ed82c2ba40e73c2a89e0,0x97060b8cc764e8b50e4618ebd71b8eb328542483,2026-07-15T00:37:07
25532089,0x2d0756c7c41e8f4d99450453992645d9bfb173116c5820ac312a63528ac9a8ab,0xc99d6e641fe5fc285564943d1869f3c821eea8f4,0x000000000004598d17aad017bf0734a364c5588b,2026-07-15T00:37:07
25532089,0x44edf43c85e17d94eae63b8ea32c158abec1aad62292254c7666f88e91dcac95,0x654fae4aa229d104cabead47e56703f58b174be4,0x000000000035b5e5ad9019092c665357240f594e,2026-07-15T00:37:07
25532089,0x62e29da382d0b38d2372a22457ebfa99417f8aa6f918398592dfccfbd4776649,0x883a95fdf8df78e7128fced0e9d931a687ff542f,0x4ebc36dcee3ca916ff4157b51c2a16105a3774b5,2026-07-15T00:37:07
25532089,0x9abf0444711b38bfae4660d39877a5ceca46af7fe400d701f4e5934aa054f6c8,0x1e2012e21086c96256cc32f5939ad8b5e7489afb,0x2c158bc456e027b2affccadf1bdbd9f5fc4c5c8c,2026-07-15T00:37:07
25532089,0xbb17c9a985ee9ed83674569d55d9669e3df3716e44abf57f9ab46e48dccc997c,0xd6434d157f254276d69ede3bd9fc805482206908,0x7ec8a30a34b86927dc77b302603d1d53e640bef7,2026-07-15T00:37:07
25532089,0xa305e9a8fbcba30c1dddd341335bd29257272d5f868bf99b55faebe9dc834b1b,0x59aab1bd0d26290274398c07b55955c15425e16b,0x00fe78205f5f0e63b8ad2b2ae5337f538a610e04,2026-07-15T00:37:08
25532090,0x4d2675aabeef88c72b895cd0f0a71ad74e86620f7fdeec806e10e554b7bac9db,0x8ca5df0fdcc6d72055facb4c3eb089cbbe273be5,0x0000000000001ff3684f28c67538d4d072c22734,2026-07-15T00:37:34
25532090,0x02d11a7f8e76bb2bc9fa180df7889f238ace210a56ee3814349f6978c4cbd1f2,0xae2fc483527b8ef99eb5d9b44875f005ba1fae13,0x1f2f10d1c40777ae1da742455c65828ff36df387,2026-07-15T00:37:35
25532090,0x0c34aa5cd8e4a5b643946bef3c47c0a5a2932e7c089ed6a8f47cfb10f3d062d5,0x883a95fdf8df78e7128fced0e9d931a687ff542f,0x6f714629052538051c41d5965369bec0eea594e3,2026-07-15T00:37:35
25532090,0x1bc3e01be298a024f4bc1f9c33e00965c2f95bd3a2dd07e4736df557149df864,0x6f6452d0acdaf5c91a2ad53786ce314f933cb567,0x0000000000001ff3684f28c67538d4d072c22734,2026-07-15T00:37:35
25532090,0x5db34eb0750887b7e027203082771b6f7e308e8c52f53635b5df7b656353cfcb,0x59aab1bd0d26290274398c07b55955c15425e16b,0x00fe78205f5f0e63b8ad2b2ae5337f538a610e04,2026-07-15T00:37:35
25532090,0x93b10351bfc5c90b96f966dcb45e0c041b401a47b1df2b70447faa2c08894a9f,0x5b43453fce04b92e190f391a83136bfbecedefd1,0xbdb3ba9ffe392549e1f8658dd2630c141fdf47b6,2026-07-15T00:37:35
25532090,0xc493b7fd84dcf8d8ff9f8b154b163fadb5215cb3ac516e298606f405d841691a,0x2a381618a48d5bc8ae24827c85d9328525347ccc,0x663dc15d3c1ac63ff12e45ab68fea3f0a883c251,2026-07-15T00:37:35
25532090,0xfd61966469be2d6fddf7674f9aa748ad329b8b86ddba75d052fa367e0e91cea7,0x739212d5bafe6aac8be49a60b7d003bd41dbf38b,0xceda2d856238aa0d12f6329de20b9115f07c366d,2026-07-15T00:37:35
25532090,0x9efd6ea21668209d2512ab3ca673f7eb3b18107a38fb06949b1e50aa694fa858,0x161643f280b09be8e0271eef8efc6c264d125003,0xe5c8ed1b451fb80488f1b59240063561f5b639f6,2026-07-15T00:37:36
25532091,0x84c654f37afd0cc9ea6b28827e27ee903e4be16fe32759699b0cde5c5ff425df,0x883a95fdf8df78e7128fced0e9d931a687ff542f,0x6f714629052538051c41d5965369bec0eea594e3,2026-07-15T00:37:50
25532091,0x40c5ea46ee57fbb9b290e30ad52e0efe8b92e8377ec29d0813365569143182c9,0xaa34d20be3f9623ccf5bff53ef4dfa765c3f5dd5,0x888888888889758f76e7103c6cbf23abbf58f946,2026-07-15T00:37:51
25532091,0x5d84ff8da223758f9424e97bb62a076ead6789857515096cde0b56d06bf971ce,0x4337004ec9c1417f1c7a26ebd4b4fbed6acf9e5d,0x4337084d9e255ff0702461cf8895ce9e3b5ff108,2026-07-15T00:37:51
25532091,0x62849389e2158751a1efd446239c26a2b6137380830061369a9e9d0775a0c1b4,0x09cfee647fa339133380191c8db6b44f24500c9d,0x41cc011e768b2859f2aba42551762a2a17b26fed,2026-07-15T00:37:52
25532091,0x6b1ac1e0b2d00231105ec82dcefd9dd1cd40a7b18e401c2713888ef960ab139d,0xedb8eeeb8597c99d1c2cbfcd28a91707e513f284,0xb055fdf26a22235a5e0644d5d7b6f13f1fbb3c03,2026-07-15T00:37:52
25532091,0x88ecc845e2fa33f5822e19b5a3e7e2c959ed6cd1131886005c35534e7d0e3db6,0xde992badd92adaf9146255e9bde6a70770973664,0x3d0f22bf11636cc9cb129e2b261eed35a487455c,2026-07-15T00:37:52
25532091,0x9988bde09af700843caf28fe41a2b468be960fb3f204cd6b7622eb3a0ea98959,0xde992badd92adaf9146255e9bde6a70770973664,0x3d0f22bf11636cc9cb129e2b261eed35a487455c,2026-07-15T00:37:52
25532091,0xa3e55591535f42f49d24fbddd73d1194b6cb2b1552814acc5ea5c7721ca82c86,0xc6acbee42e9e323140c1ed060c2f6ea9cc3b4b75,0x7c5a71c9fefbc7691f9d4ac7baf70c743792f716,2026-07-15T00:37:52
25532091,0xfdcaa4412e4fe40b581c38e3842bbc6fdb782518faedf36461772ce667a62fdf,0x59aab1bd0d26290274398c07b55955c15425e16b,0x00fe78205f5f0e63b8ad2b2ae5337f538a610e04,2026-07-15T00:37:52
25532092,0x743f81c1342e3d3236d98952847c4ae71d2ac0f79258c848bd2f69136b8830bf,0xae2fc483527b8ef99eb5d9b44875f005ba1fae13,0x1f2f10d1c40777ae1da742455c65828ff36df387,2026-07-15T00:38:31
25532092,0xbeeb73a9a425349aa37b6c86760cb86046d5e39515f6e529c467c256ec8d2efa,0x5d37dd4864e39aa40fb9ed82c2ba40e73c2a89e0,0x97060b8cc764e8b50e4618ebd71b8eb328542483,2026-07-15T00:38:31
25532092,0x05bfc25c39c7cd94ef651194b2e4d01e8cf4e64cd710be85f9524daf9becdd71,0xbf11bdfbeb9ed137c352c81e45d191cacae6b0cf,0xd90e2f925da726b50c4ed8d0fb90ad053324f31b,2026-07-15T00:38:32
25532092,0x143e869fcdb19dfd71781bb1e6dec46b96b78a51276059d224130cfaf0fc6e91,0x7830c87c02e56aff27fa8ab1241711331fa86f43,0xa9d1e08c7793af67e9d92fe308d5697fb81d3e43,2026-07-15T00:38:32
25532092,0x5749a16b0f77684922ee572174d263386d99977b7e837d25f079e868900a58bc,0x00000027f490acee7f11ab5fdd47209d6422c5a7,0x42e213a3ad048e899b89ea8cb11d21bc97b84748,2026-07-15T00:38:32
25532092,0x5f3f2f72e3a413c94664d98fbbe58782309345b3b5646af0fda4112b85637e60,0x1584a8ee67789d1fe161065388657ad2f2a3c7dd,0x77eb52e44db06777bce478159f25c0d55a295314,2026-07-15T00:38:32
25532092,0x754a41ec10851bc34aacf71d49847bfe4069321334b43ffa38e7666112037c96,0x32bd61608702aa0dcc7c205404b05cea2221b3ce,0xc4fefd0851a37282a2d430186194939a4e7c2dec,2026-07-15T00:38:32
25532092,0x1e65ba07d06627adf0c5b4a9e218436e9790c174ee07d637f819dd869f456a4e,0xd6434d157f254276d69ede3bd9fc805482206908,0x7ec8a30a34b86927dc77b302603d1d53e640bef7,2026-07-15T00:38:33
25532092,0x4aa136be41634944151ad1c43a6a80365b8e43a73caf98bb172300411f40750d,0x59aab1bd0d26290274398c07b55955c15425e16b,0x00fe78205f5f0e63b8ad2b2ae5337f538a610e04,2026-07-15T00:38:33
25532093,0xdfb8ebf4ae3c77b89b4ff06757fa4732410a165689cda1e192988117c65cb324,0x11e8c97b1cfaa0b633803a503cdd034a6a970693,0xb704fcb4c43bdc030de7ec5e0d5264b99aa3af36,2026-07-15T00:39:00
25532093,0x1d01ad7cf1adc5b202d78c3803b4d706179cb56d5d9ceaeee9f64ee1846bb6a8,0x52ff58b29c539f0599775a981a51872f5da67d00,0x03f34be1bf910116595db1b11e9d1b2ca5d59659,2026-07-15T00:39:01
25532093,0x81eeda8543db15ee862247929b70fbd562c3eff9957b08f4d7b9179c4b3457d2,0xd8c24c6d04d837d3b91255ab9ef12fcd15645aa5,0x69460570c93f9de5e2edbc3052bf10125f0ca22d,2026-07-15T00:39:01
25532093,0x27fbf1de03cc31452c612338cf4a2a5e71423c36bc70162939b8ab95f7171abd,0x45df5e6c3bccb8a03049653472096156aaec8012,0x78ace9b2ee9a31737fad748015266a59f32dc79a,2026-07-15T00:39:02
25532093,0x2b65087db338794fb9aed6782779c8c132ac7370f6b339f6b722f1637610bff1,0xde992badd92adaf9146255e9bde6a70770973664,0x3d0f22bf11636cc9cb129e2b261eed35a487455c,2026-07-15T00:39:02
25532093,0xc6f46683e66a30d2e940f7c78f67dde17e82feda8581e03901fd8e8108db2bde,0x80d04079ffc53eb14edbeeb37279d126f45552df,0xdfa80c5533274bef8254d5b68c87dea4727f2b76,2026-07-15T00:39:02
25532093,0xce1bd94f2dcbe8b6bb223a47224c00abe1a186976f3f16c9ff4e3ac8355a06d7,0x59aab1bd0d26290274398c07b55955c15425e16b,0x00fe78205f5f0e63b8ad2b2ae5337f538a610e04,2026-07-15T00:39:02
25532093,0xe8332353a29b8d0599946db8c57e76b5ae110175ac479e9b0296089f524dd362,0xcf96d0232cefb7b9476ba37b3b698875a796e80f,0x666156ab52bb9984f5c3985726f048dd4a73887a,2026-07-15T00:39:02
25532094,0x2d1ccca5cf18793a8deb120bb125a8e211803bbdc38b5626cbb3f9bcafd3e7e9,0x63470316f676bc866338e15b174746f72ee1823d,0x93e5260ac975b475af8bf818c14deee7fefd5927,2026-07-15T00:39:28
25532094,0x3a19c16cd049c900112c0dc31f3449636f7aaba7a6573fdc7df8daff7fa343a8,0x4337019d937ebcbd73dd750072d86c1ce664b350,0x5ff137d4b0fdcd49dca30c7cf57e578a026d2789,2026-07-15T00:39:28
25532094,0x7abadbdc99eb5d7c25a5932f6a2ad8c21e483df0000cf94852181dc3e660251c,0x5d37dd4864e39aa40fb9ed82c2ba40e73c2a89e0,0x97060b8cc764e8b50e4618ebd71b8eb328542483,2026-07-15T00:39:28
25532094,0x9057e49d7ee8aacc99387c78c017c6c8bc7fd5fbc51dd4c8ddb9482f5dffe21f,0x3015f95350a3dea46afdc5cde1dcf724e645b6b4,0x737523b47e6b92b9494de0e6e4bc5c10c730cfb3,2026-07-15T00:39:28
25532094,0x91b20e96a127c291ea3faad0a0064953d6deac4aebbf46e973e522a015bc3209,0x903a84fe433898b984a8a5a7e1444d9dc66ae8a9,0x3154cf16ccdb4c6d922629664174b904d80f2c35,2026-07-15T00:39:29
25532094,0xbbcf328c01846f0e17ef105c06ed88cc74e7c85567ea1e4387941418fb756815,0xd6434d157f254276d69ede3bd9fc805482206908,0x7ec8a30a34b86927dc77b302603d1d53e640bef7,2026-07-15T00:39:29
25532094,0xc064665886c8e96a3d36435905fa37b72bc2363ee8c3830f8ec28112bcde951c,0xde992badd92adaf9146255e9bde6a70770973664,0x3d0f22bf11636cc9cb129e2b261eed35a487455c,2026-07-15T00:39:29
25532094,0xe7cb1e44a46de0f6c806f11e833deb9801651e48450d6f5dd520dce387819339,0x59aab1bd0d26290274398c07b55955c15425e16b,0x00fe78205f5f0e63b8ad2b2ae5337f538a610e04,2026-07-15T00:39:29
25532095,0xe309d0cc373a7f9574986e01ec7c26498157e1550994af927a969533a1e20e20,0x3d0d127dbec73a3ba4894d8f919fa78c52669b47,0x0000000000001ff3684f28c67538d4d072c22734,2026-07-15T00:40:21
25532095,0x7800fbfe5ccc57c624245b1c332b9cb29319375529173e8839e9c2fb7064a704,0x7830c87c02e56aff27fa8ab1241711331fa86f43,0xa9d1e08c7793af67e9d92fe308d5697fb81d3e43,2026-07-15T00:40:23
25532095,0x0c7b53bc82c02390cd6439356b83f4c4bb7e3b60c1d13edc9de5cad658136cca,0x4337011463ef6bd863e47e7b5e743d2522261131,0x4337084d9e255ff0702461cf8895ce9e3b5ff108,2026-07-15T00:40:24
25532095,0x6ea912434a39a433f8f904119499fb6c251603cc99bf835a43c2107c910c651b,0x974a28a2c7b91f1442c48dafa9bcc3b562889ba7,0x0000000025e904c59afdb33d50f982d46a7ff880,2026-07-15T00:40:24
25532095,0x02da5b15a12cfbc774f2c797984c7fee37b6666ce29be952f1685d7b08cf8c20,0x59aab1bd0d26290274398c07b55955c15425e16b,0x00fe78205f5f0e63b8ad2b2ae5337f538a610e04,2026-07-15T00:40:25
25532095,0x4ca40a0fc24e4ac750bdc8a6ce7d8e8084642c185853fd1a7dc16abb2776a19a,0x80d04079ffc53eb14edbeeb37279d126f45552df,0xdfa80c5533274bef8254d5b68c87dea4727f2b76,2026-07-15T00:40:25
25532095,0xa611b2a76787df9c0ef281840c586f0f552b425a8ea92c9a235453cfa0839994,0x99a5b028d785a7bd475339b1f8548d6d659ce5c2,0x2d83ff1cb1c79c68fe530d35f439a92a645faded,2026-07-15T00:40:25
25532096,0x35170b85ca8165ca806b655f4ea885a8cb979eed82988b0e697768b3f4fc7fc3,0x5b43453fce04b92e190f391a83136bfbecedefd1,0xbdb3ba9ffe392549e1f8658dd2630c141fdf47b6,2026-07-15T00:41:05
25532096,0x60ecce8a0a758e9b036099fbc966de2c1bdc277ad7f17e5ff23bad88c3d02921,0x433702948d7be4201a2bcee6c349ad807c547a5d,0x4337084d9e255ff0702461cf8895ce9e3b5ff108,2026-07-15T00:41:06
25532096,0xd7e0c3f2c991be75b46e4da8ab6ac903387cdff2e8acdd9ecb4cff828f78ddeb,0x062ce42cae04c51d04e77e3d64cc8953a2296ffe,0x8a25a24ede9482c4fc0738f99611be58f1c839ab,2026-07-15T00:41:06
25532096,0x72e41b03f60dc8d60b26ed5b6093a32d261bed53a7f6f2af6c5ceb8f60b2c525,0xcecb5ffe6c748c3665add20b4d11657e5f9902e1,0x646d6a80f1d3a2f83ea3f2d4adec4d65892cbbce,2026-07-15T00:41:07
25532096,0x23b5c2f7b5a9b9338eca4a0653144a3ea82b88861f443b08a6864b0e63915c4b,0x03407dabb728f59e75621fc1318b58009d84a8b4,0x50461744cb3dea4d678be82b8f1b9cead383065d,2026-07-15T00:41:08
25532096,0xf53cf8684c1840cfbd037128846ace56e8c4995a4ca546e42901ba7b35eacce4,0xd6434d157f254276d69ede3bd9fc805482206908,0x7ec8a30a34b86927dc77b302603d1d53e640bef7,2026-07-15T00:41:08
25532097,0x74de45e360b015cd341f30bc5ff68cd7f09eff135aec28885b4dc9a3cace5e02,0xbee898bca98a5b6de7323eeca168a775c566b008,0xbee3211ab312a8d065c4fef0247448e17a8da000,2026-07-15T00:41:40
25532097,0x42b27e7173986bdc08b5dd13dc9814862f8baec7ae7b861b1fd65896b16ae40d,0xc6acbee42e9e323140c1ed060c2f6ea9cc3b4b75,0x7c5a71c9fefbc7691f9d4ac7baf70c743792f716,2026-07-15T00:41:41
25532097,0xe2f8391913b842f175a7cfbd8674d6dcce657b11f68aa9719cc73d7c2ad607fb,0x2582163196ecdb1c83e532c70245494289931851,0x6a000f20005980200259b80c5102003040001068,2026-07-15T00:41:42
25532097,0x52e869be64898f19349e145591d98540e5adf75ab6f53f50b024425e74c76dbb,0x99a5b028d785a7bd475339b1f8548d6d659ce5c2,0x2d83ff1cb1c79c68fe530d35f439a92a645faded,2026-07-15T00:41:43
25532097,0x1b3005f1b1b8a00967296f9acffe6b5f87646f900bee4342669413a3b15b5755,0x4bb45cf62b68139485ed6d710fba037d1571b4dd,0x6566194141eefa99af43bb5aa71460ca2dc90245,2026-07-15T00:41:44
25532097,0x5a2ab74ddea1a7f0b168f18c81503e5b94bb7590902bcb9c3ef56739327447ec,0x59aab1bd0d26290274398c07b55955c15425e16b,0x00fe78205f5f0e63b8ad2b2ae5337f538a610e04,2026-07-15T00:41:44
25532097,0x9a5cd5c9749e7cc98f2fb802ad3c94de606b5c63af0c8665eb61df1af6e9213e,0x59aab1bd0d26290274398c07b55955c15425e16b,0x00fe78205f5f0e63b8ad2b2ae5337f538a610e04,2026-07-15T00:41:44
25532098,0x0d82e548d1654f74b42f88223c070a53cbfaa023fecc366ae3d10ff121d010b0,0x29a068d0bd725a5aa875356b2b071fcf28de25e2,0x4c82d1fbfe28c977cbb58d8c7ff8fcf9f70a2cca,2026-07-15T00:42:32
25532098,0xf79401e448aea1998d5f01ccca8920c726dd863e6f8f2a2a32b692ab5142d3b7,0x5d37dd4864e39aa40fb9ed82c2ba40e73c2a89e0,0x97060b8cc764e8b50e4618ebd71b8eb328542483,2026-07-15T00:42:32
25532098,0xaa202a47b2a52b71af994c7061bfc3a3c99a33e9d6d6898d25cd0f227b75c9f2,0xc6e265492082680806342f77df6760973dc9dc75,0x87be3fc3edfe10cb8ce1244d6a1969fc55f9f83c,2026-07-15T00:42:34
25532098,0xb294cedd8e66c8921121076f628790860c75ef6f64a6083c9d752f61f1f1efdd,0x4337017d2e3f5e4160a27f6fdbdc38719343c62f,0x4337084d9e255ff0702461cf8895ce9e3b5ff108,2026-07-15T00:42:35
25532098,0xbc625edb34a32f09999dbf75be1e5d4acc75d40d7e46415ad8959ac2d3a58e18,0x43370146366cfea21302962ae3a558d72bbcc487,0x4337084d9e255ff0702461cf8895ce9e3b5ff108,2026-07-15T00:42:35
25532098,0x486267b9d8639e8cdf216950c4e4af829d6b604f1e011e4c3808d030fac73abe,0xf7bac63fc7ceacf0589f25454ecf5c2ce904997c,0xca11bde05977b3631167028862be2a173976ca11,2026-07-15T00:42:36
25532098,0x0929240155e9c649385f054a1feb449f2a9c9add4a9b34618f65757e4bdaf013,0x1584a8ee67789d1fe161065388657ad2f2a3c7dd,0x77eb52e44db06777bce478159f25c0d55a295314,2026-07-15T00:42:37
25532098,0x64f8a7bed5d949770a4563e78f5307b83944094d5d40b3596878adf59b39f26b,0x59aab1bd0d26290274398c07b55955c15425e16b,0x00fe78205f5f0e63b8ad2b2ae5337f538a610e04,2026-07-15T00:42:38
25532099,0x5fd528a46650fc0f61df8464e311059690411ea67bbea9e0e1f8cccfdcce0be7,0x974a28a2c7b91f1442c48dafa9bcc3b562889ba7,0x0000000025e904c59afdb33d50f982d46a7ff880,2026-07-15T00:43:35
25532099,0x70c3462a3673f7e579084b2f51b9f4f9b21ae2f672ad6683d4393d62cc7f1cf1,0xf70da97812cb96acdf810712aa562db8dfa3dbef,0xccc88a9d1b4ed6b0eaba998850414b24f1c315be,2026-07-15T00:43:35
25532099,0x75eed5d9d6dce9a0900f743b8f1fe3a2a7f69b7660f617fd78a17500dd227a59,0x3015f95350a3dea46afdc5cde1dcf724e645b6b4,0x737523b47e6b92b9494de0e6e4bc5c10c730cfb3,2026-07-15T00:43:35
25532099,0x7f7d18aa7a7c04ac6cb0d3167b56440fd579979fff633ccfb9f05d18f97348a3,0xbee6a469e91e8787d44455e38318769e02f88004,0xbee3211ab312a8d065c4fef0247448e17a8da000,2026-07-15T00:43:35
25532099,0x97a7cc6220582a98e45e2e0966b49cae3d85ef10327b2514fc8555129b3841c0,0xbf11bdfbeb9ed137c352c81e45d191cacae6b0cf,0xd90e2f925da726b50c4ed8d0fb90ad053324f31b,2026-07-15T00:43:35
25532099,0xa698869dd6420ab3b782004e71f1716ebd87892b80b5f771eb892e18085a3468,0x1aad7c962c92db6d76e8766fb7d66b68aa7b6363,0x8c106eedad96553e64287a5a6839c3cc78afa3d0,2026-07-15T00:43:36
25532099,0xad1581083ba2621e4c2f97dcbb206e27d68ce233c0ccf1a0f624fe94da91546d,0xfb8c20a5aeb9062a8f3cbee574ecb6569e6cb198,0x43fcd85e8d9d003d515f886891b7c742ac9f92da,2026-07-15T00:43:37
25532099,0xbe339b2c59f6020ff8dd02c90e4f19d2f1f52377ba1ba3275e90dc5d79ce2e09,0x49cbdc5c132a690820188a7c1b1cfe6d018d9d84,0xf3557ad5e984211ac8a0874a670344f2c3376471,2026-07-15T00:43:37
25532100,0x0fa2bde00d07c6a5892b4592eb9e263b1feca825f8dbe2bdf827ac530149e95e,0x7830c87c02e56aff27fa8ab1241711331fa86f43,0xa9d1e08c7793af67e9d92fe308d5697fb81d3e43,2026-07-15T00:44:02
25532100,0x4fbb3822421283ef5252dcedf2f3cc1cf33676f0c10e5612b5e4ab2e037051ee,0x5d37dd4864e39aa40fb9ed82c2ba40e73c2a89e0,0x97060b8cc764e8b50e4618ebd71b8eb328542483,2026-07-15T00:44:02
25532100,0xfd297f6e450559be43b430877ad6e1861729a4f8419c6cd53a2ad35b18d48eba,0xbee6a469e91e8787d44455e38318769e02f88004,0xbee3211ab312a8d065c4fef0247448e17a8da000,2026-07-15T00:44:02
25532100,0xc4acb4ca63df114812f3736cee16e2b14f38364ac1d724770c141dd53887c9dc,0x4337015333e7c8a3c5af4acd2c4aa4befb0d663c,0x4337084d9e255ff0702461cf8895ce9e3b5ff108,2026-07-15T00:44:03
25532100,0xa24c342439e66c0d4f4cfc068ec1b8756fbca679a4df63c8b38a688c099b1432,0x2b3fed49557bd88f78b898684f82fbb355305dbb,0x09c30cdcdd971423cb3ba757a47d56c35d06d818,2026-07-15T00:44:04
25532102,0x1e824dcfdbd88b99f9686c35b1031d4f883eaa7608e9095dba0d6594012d5c29,0xa5a5491bca93dd4c076e4906e79e7673f4a5a142,0xb92fe925dc43a0ecde6c8b1a2709c170ec4fff4f,2026-07-15T00:44:26
25532102,0x3084e01839356c48a1261f4fb96bc961f4b1c6a8aebec90fe2ca3198aa166996,0x86ced9838375bbc2e0e3e8479108147c8afa8c1c,0x629595780354b2f35d577e8cb83098a936d71444,2026-07-15T00:44:26
25532102,0x4e93032b2e86e6ef1a977fb4922e01aa49a88650fd74618f43edd0dd8cc37be9,0x7830c87c02e56aff27fa8ab1241711331fa86f43,0xa9d1e08c7793af67e9d92fe308d5697fb81d3e43,2026-07-15T00:44:26
25532102,0x6a60a48ead8b27fa36e92bbe4edb1f54fedf5ed1ef752af8f48c6851bddbbec2,0xe4da31cf4922f418bee01dd86e72631ab643bb5d,0x88649f4743a758171077b98ee2003f1989b1615a,2026-07-15T00:44:26
25532102,0x94d2bcfe84b89db8a5a67f2363c23c9962dbc9191a69f40e6c360164cc63e302,0x5507e1f4a368a1aac809a831e79fe0754cc28e76,0x1c6ce18d2bea5a0a8741fa13a24f278c4c915c4e,2026-07-15T00:44:26
25532102,0x9994dd99cd2a264c1a0e8dc5fe56d12e6d5fe41748bf1ed2ae978c09c57d8df3,0xdbaa674ea60623d8d87fc5946f32b4de5a6335f0,0xf28b0b5db307d91074534d0ccac78a1349c8ea69,2026-07-15T00:44:26
25532102,0xa047b186bc9ea66622298fb90e96603de8949fe29f96f465f49526a8450ce672,0xbee2a0be64fbf551424c9a66f837a28aefc97014,0xbee3211ab312a8d065c4fef0247448e17a8da000,2026-07-15T00:44:26
25532102,0xa0be4d7a1e6ab4000df3140d816c655e6befcdb9e97aeaed6cd9a7ca04512647,0x5b43453fce04b92e190f391a83136bfbecedefd1,0xbdb3ba9ffe392549e1f8658dd2630c141fdf47b6,2026-07-15T00:44:26
25532102,0x2a59adc99c51b111a5290cfd270bb4de5e6eddec995d7847980639d65748e8c4,0x43370250bfc02c7f085cb105558da41e9cdb2d79,0x4337084d9e255ff0702461cf8895ce9e3b5ff108,2026-07-15T00:44:27
25532102,0x419e0529f76bc0fb8e2bdccac91f93be9732dc6d55eb0e783dceee98fcb786fc,0x99a5b028d785a7bd475339b1f8548d6d659ce5c2,0x2d83ff1cb1c79c68fe530d35f439a92a645faded,2026-07-15T00:44:27
25532102,0x933b8b5d790880aeed1a006aa36cebd00230235c76ff4cd8b19472a5aeda8e38,0x062ce42cae04c51d04e77e3d64cc8953a2296ffe,0x8a25a24ede9482c4fc0738f99611be58f1c839ab,2026-07-15T00:44:27
25532102,0xb8e7a40f8ce5e7d10ba8ea371a6d4423e1007d02107ec1efdffb3b3b709cc762,0xde889c8b1e9cbda91273d645fba0bfe10a6f57d7,,2026-07-15T00:44:27
25532102,0xcfb2bdb78d9d2f1186d96505f480401e082385bc7772d56d7898d0fd07dcef63,0xe33fae378ab2eb2b8e82cc57a8f503b02a6f0498,0xe862bc39b8d5f12d8c4117d3e2d493dc20051ec6,2026-07-15T00:44:27
25532102,0xd7871538c7832d5baa68ac24ebe10440aee4c1646bfe8a02a75580024c909fb3,0xf70da97812cb96acdf810712aa562db8dfa3dbef,0xb92fe925dc43a0ecde6c8b1a2709c170ec4fff4f,2026-07-15T00:44:27
25532102,0x7fe9de2deafc6b4b6db0b6b4b23aa9d4ee65932389d17fe3f84a7485c9d933a2,0x4337002c5702ce424cb62a56ca038e31e1d4a93d,0x0000000071727de22e5e9d8baf0edac6f37da032,2026-07-15T00:44:28
25532102,0xb909e291150697d0817145db6d880034027358e4f1c3d53ae09b2e300fefca12,0xfa7f885146dbf122f0ed14196c1fe74b39c1005d,0x134ccaaa4f1e4552ec8aecb9e4a2360ddcf8df76,2026-07-15T00:44:28
25532102,0x143224a4ce33d26cef4dd6da259e6b5cb5ec624bc34cd9f53dfb4543fa3c2736,0x511fa3c78a4309ed340102dc09f5eef34a40e324,,2026-07-15T00:44:29
25532102,0x3156b9d82e099419520124a6e0482416cbdfb4863f09d415909b2b57e5c1f2c4,0xbb0611fde3e968d138eb3e9e386d8103c4730001,0xb6f54caed61c318027c022c47b94baf139a99dab,2026-07-15T00:44:29
25532103,0x39408685ab5983fa6e5dca3ab436ddfd6fbd8d01e9090bd929de8dd8e8d171d3,0xae2fc483527b8ef99eb5d9b44875f005ba1fae13,0x1f2f10d1c40777ae1da742455c65828ff36df387,2026-07-15T00:44:53
25532103,0x3c68104949681dffc24d5bfc8f476ce52d118c8cd527c80a21489ef642443295,0x0e3cd0614d3a08bb7fee3f02fa20933b021705b6,0x9e08c5499f953c6297a7755bcbced383b606896b,2026-07-15T00:44:53
25532103,0x462460c3fe59a29eaeed7fc256a7558d4283e4a7d8a140fd40e2fc7c8bd01a88,0xbee355e5a9b1c5359796cf907138448b27f0ccca,0xbee162fa5ae892be74f3f3e01c23da89adbccccc,2026-07-15T00:44:53
25532103,0x601543046307e45ee732c5ae72a2a81d85e922b070c4949b641f32829f335378,0x3004892cf2946356e8e4570a94748afdff86681c,0x80a64c6d7f12c47b7c66c5b4e20e72bc1fcd5d9e,2026-07-15T00:44:53
25532103,0xe6668a0680c8ae6e0ca0a7689a3222f851298ad3e5ccc8f72bba70b06e3f1060,0x56c262027e0de4aea31d2489529cb25d23e58a8b,0xccc88a9d1b4ed6b0eaba998850414b24f1c315be,2026-07-15T00:44:53
25532103,0x0c15b37ea38ef76fc8a46cb470253912c03be31e5232a920edb2366d0e3fa789,0xc6acbee42e9e323140c1ed060c2f6ea9cc3b4b75,0x7c5a71c9fefbc7691f9d4ac7baf70c743792f716,2026-07-15T00:44:54
25532103,0x103fccba1a2220178853622c69fc9ec5af04fd5ca708efe4f4320dba3fa0bf7a,0xf70da97812cb96acdf810712aa562db8dfa3dbef,0xb92fe925dc43a0ecde6c8b1a2709c170ec4fff4f,2026-07-15T00:44:54
25532103,0xa58b71881d2a95998c12f0ce616b693022fb088a99767ac2dba52b8360237d6e,0x99a5b028d785a7bd475339b1f8548d6d659ce5c2,0x2d83ff1cb1c79c68fe530d35f439a92a645faded,2026-07-15T00:44:54
25532103,0xcdae0298e4f4588317a12ccfbfb27136a88f8da175806f671b1319e161b22ac6,0xee9af6f7f0dc04b1c97cd9cc95763836d02f63e4,0x0000000071727de22e5e9d8baf0edac6f37da032,2026-07-15T00:44:54
