block_num,tx_hash,from,to,detect_time,attack_signals,selector,has_asset_impact
25714588,0x3edc61e5428e4778720258171b9888199cc357d861de4b037fb40ad3068a46e8,0x9e75a58d70d4afec7c4eb7801ba7d373d033604c,0x4313c378cc91ea583c91387b9216e2c03096b27f,2026-08-09T11:00:02,dense_internal_fund_flow,0xeffbec13,true
25714588,0xc60d0b576bd6a9a243b8a62b6c0c3f9c97474a87186995c1fda6f8bcd8e3bbc7,0xfd7e55a555555c2f25053a38ec744de1afea4fa4,0x4313c378cc91ea583c91387b9216e2c03096b27f,2026-08-09T11:00:02,dense_internal_fund_flow;complex_trace,0xeffbec13,true
25714588,0x7188d56acb8465a24a1b041e70db3a52c92289f0d7b7c14a494ba0d116a6a245,0xa154b98e53fc35e1bad1ff758acbc8c629bdcd2b,0x19917386eeae67b6ff7ddf07de4019fca40aa4ec,2026-08-09T11:00:04,repeated_internal_token_drain;dense_internal_fund_flow;complex_trace;high_gas_used_context;token_activity_burst;repeated_risky_internal_calls,0xa9059cbb,true
25714589,0x0d2aace3531acde81c77b1254d34f92f125ae0376d05a542ef53dc84ab09ba78,0xb159f84e14b094a55afe4b30056868d1c16bbe0a,0xee030ec6f4307411607e55acd08e628ae6655b86,2026-08-09T11:00:10,dense_internal_fund_flow;complex_trace;high_gas_used_context;token_activity_burst,0x6e1537da,true
25714589,0x4dd490d27f6bf13ad24050cca1f20b7567a14d4d4513153e5d8fea04cf34aaf7,0x2767ae7e0c205425a7b7f7583c512513c527f482,0x96d3a49a2b5ceb40393d1040dade85fd70c01174,2026-08-09T11:00:10,repeated_internal_token_drain;dense_internal_fund_flow;very_complex_trace;high_gas_used_context;token_activity_burst;repeated_risky_internal_calls,0xff4d46ec,true
25714589,0xd63c4eb8803921b6d2c26c740734aa07252f53aee8e8ecce495d04070c809323,0x9d3668cb957bd2a6b6d4cce7a996239427a3975a,0xccc88a9d1b4ed6b0eaba998850414b24f1c315be,2026-08-09T11:00:10,complex_trace;high_gas_used_context;token_activity_burst,0xf9e4bab4,false
25714590,0x0b5233196a6fc43ab4b8cfca94f1c95a019e6d7a9bc5b6901c221b5b4cf11484,0x68fd939809e0c1d7863d6cabf77c4a327bbcff2c,0x6aba0315493b7e6989041c91181337b662fb1b90,2026-08-09T11:00:23,complex_trace;high_gas_used_context;token_activity_burst,0x25356bc7,false
25714590,0x64eecf9aee980ce413ed7ee78e33b4a7161e4482540ac0edc6f1dc2be0cc7f8f,0x2767ae7e0c205425a7b7f7583c512513c527f482,0x96d3a49a2b5ceb40393d1040dade85fd70c01174,2026-08-09T11:00:23,repeated_internal_token_drain;dense_internal_fund_flow;very_complex_trace;high_gas_used_context;token_activity_burst;repeated_risky_internal_calls,0xff4d46ec,true
25714590,0x8dbb6fcf3051f7587112a2fcf9bd6ed3ff168f94394d7458aca1ba601913ebfa,0x0cd7e1660d63a6aebda782a2eb7f2875716ac3e8,0x2fdd3c0a682e5774205f0f6d3ed3c9d1b9cb9413,2026-08-09T11:00:26,complex_trace;high_gas_used_context,0xd6bda0c0,false
25714591,0xf6f4f4f7d632f07cee0f15696d8cd9ebb028a8c279b7fd4ffbac8396c36ada4e,0x44df73cb1cca266156d0a5f2b226829678891db6,0x0000000000001ff3684f28c67538d4d072c22734,2026-08-09T11:00:58,dense_internal_fund_flow;complex_trace;high_gas_used_context;token_activity_burst,0x2213bc0b,true
25714591,0x6c7c68cf0c55724b394c5a5a698ed82cb7f550435ddfa7285121b04f3d7f0e42,0xd714e1d25067c2421ea58b962d900732f77ab23b,0xcd2bdb8af031d29d2bc38ef08b842d31e344384c,2026-08-09T11:00:59,complex_trace;high_gas_used_context;token_activity_burst,0xa9059cbb,false
25714591,0xfa194339f6ef419230b1b835bb225a2bd762335a08af9a7e3aabb8f2cbb63539,0x00d9fe085d99b33ab2aae8063180c63e23bf2e69,0x75884f3ada15c953529abaac6549d5204135ec36,2026-08-09T11:00:59,repeated_internal_token_drain;dense_internal_fund_flow;complex_trace;high_gas_used_context;token_activity_burst;repeated_risky_internal_calls,0xa9059cbb,true
25714592,0x6ec40cbdac0eef65f6ca4a9cdd20cf4a4e0f832a6ca47de893c22805d1377604,0xe99bd1c2dd70cd58e5efd47887991700e7318ce2,0xad3b67bca8935cb510c8d18bd45f0b94f54a968f,2026-08-09T11:01:08,complex_trace;high_gas_used_context;token_activity_burst;approval_burst,0x146ee74d,false
25714593,0x46530c511505242083d0908010ecc6d7e74197c09eb9f0efadc4eda08aba6605,0x1959847399c4a7d4a19b91b261c5b6b020d198e3,0x0000000000001ff3684f28c67538d4d072c22734,2026-08-09T11:01:14,dense_internal_fund_flow;complex_trace,0x2213bc0b,true
25714593,0x964233801768b6257b0144f66fedec1a617b7eec28af2346dcb4ae33d9c2b146,0x654b8e149fbb816473642b85b125dc9160ae936b,0x66a9893cc07d91d95644aedd05d03f95e1dba8af,2026-08-09T11:01:15,dense_internal_fund_flow;complex_trace,0x3593564c,true
25714594,0x0ee4f7f019fd1752d8b9d0d40495ef3ce7f75c8c6144ddda63de82acd4f7e58d,0xfac9484c425a6d51267c79a9c5f89c7441828631,0xdbc0c988dfde6326ef79650447e6bedd158388be,2026-08-09T11:01:22,complex_trace;high_gas_used_context,0x4c3f521d,false
25714594,0x3eae98301ef93e38aa8d94376c29242da6a3d83ba4540f084c4c789b891d9f2c,0xa154b98e53fc35e1bad1ff758acbc8c629bdcd2b,0x19917386eeae67b6ff7ddf07de4019fca40aa4ec,2026-08-09T11:01:22,repeated_internal_token_drain;dense_internal_fund_flow;complex_trace;high_gas_used_context;token_activity_burst;repeated_risky_internal_calls,0xa9059cbb,true
25714594,0xb54fbf5479687d050b86196d4b3da7c7f7d94eca7be63ea40686288ab489d330,0x5f8769281662a4af0175f7efe521892c52850ac6,0x40a6700b99115cda7b12bd0e21db1be8ae524bf2,2026-08-09T11:01:22,high_gas_used_context;token_activity_burst,0xa9059cbb,false
25714595,0xdad92f07421448695b6fcefcf453d79490b55763706ab62e6bc0f3b5a9eed06e,0x44df73cb1cca266156d0a5f2b226829678891db6,0x6352a56caadc4f1e25cd6c75970fa768a3304e64,2026-08-09T11:01:31,dense_internal_fund_flow;complex_trace,0x90411a32,true
25714595,0x1f63cb79721e689ff34954cda34aa22e2dfc5affc70c0d336c277393325e5705,0xf70da97812cb96acdf810712aa562db8dfa3dbef,0xccc88a9d1b4ed6b0eaba998850414b24f1c315be,2026-08-09T11:01:32,dense_internal_fund_flow,0x0a2b8f36,true
25714595,0xa8e2c07c33c82a3e0a50e5c1b654b213cb439005464e7645e8a335daaf38d4e2,0x2767ae7e0c205425a7b7f7583c512513c527f482,0x96d3a49a2b5ceb40393d1040dade85fd70c01174,2026-08-09T11:01:32,repeated_internal_token_drain;dense_internal_fund_flow;very_complex_trace;high_gas_used_context;token_activity_burst;repeated_risky_internal_calls,0xff4d46ec,true
25714596,0xfdd1e787ea0b8dcbaf277c5c9f2d739e4a59b0febd21465dca2c9555912d79f2,0x2767ae7e0c205425a7b7f7583c512513c527f482,0x96d3a49a2b5ceb40393d1040dade85fd70c01174,2026-08-09T11:02:07,repeated_internal_token_drain;dense_internal_fund_flow;very_complex_trace;high_gas_used_context;token_activity_burst;repeated_risky_internal_calls,0xff4d46ec,true
25714596,0x551a0b203edd186cbeb70daa7269193639ed5b05eef41c49cb927b4b69280795,0x2767ae7e0c205425a7b7f7583c512513c527f482,0x96d3a49a2b5ceb40393d1040dade85fd70c01174,2026-08-09T11:02:08,repeated_internal_token_drain;dense_internal_fund_flow;very_complex_trace;high_gas_used_context;token_activity_burst;repeated_risky_internal_calls,0xff4d46ec,true
25714598,0xefd494be86325d689cf7baf37579bbcb38ed05ee9420b004e0697e5a39be9a0a,0xf7bac63fc7ceacf0589f25454ecf5c2ce904997c,0xca11bde05977b3631167028862be2a173976ca11,2026-08-09T11:02:22,complex_trace;high_gas_used_context;token_activity_burst,0x252dba42,false
25714599,0x5482d2f0a1af0d27f7c75d970c4b5ec6738c9d9efc0d2d2d6df90c85b8a2002a,0x3535a64a9dfa8b10c4d0d78be9dfbbde3ce4884c,0x28b1dc1a5e3699a428bc51d234dfab7c9cb2a183,2026-08-09T11:02:30,dense_internal_fund_flow;complex_trace,0xf2c42696,true
25714599,0x55b848470b6d4aeae0afbbd5ae1a5884dcc21181c85ddc5ae4fcb21ef096c871,0x3d4e12d540cf67a9c38da66a20943acac075725d,0x1eeda6359b726f7e5a662288ed7f1793ed6788b9,2026-08-09T11:02:32,complex_trace;high_gas_used_context;token_activity_burst,0xa9059cbb,false
25714599,0x5c000e47703e9787a7002673c7e4e91098f237d0f920b53980eb21fc0ce019f0,0xa154b98e53fc35e1bad1ff758acbc8c629bdcd2b,0x19917386eeae67b6ff7ddf07de4019fca40aa4ec,2026-08-09T11:02:32,complex_trace;high_gas_used_context;token_activity_burst,0xa9059cbb,false
25714599,0xa34e6988db76de73b2e62abb42718c6e1a9854c2b067991d8ff955e562555213,0x2767ae7e0c205425a7b7f7583c512513c527f482,0x96d3a49a2b5ceb40393d1040dade85fd70c01174,2026-08-09T11:02:32,repeated_internal_token_drain;dense_internal_fund_flow;very_complex_trace;high_gas_used_context;token_activity_burst;repeated_risky_internal_calls,0xff4d46ec,true
25714599,0xe839c02393360079722303bf624e179c3e25c20a7a87876465733ba38a391107,0xb4c5355f35e0fc4a3dafc55f64319416e154fb11,0xf993aef0fe2018d01ec10cbdffeb1836de9c196e,2026-08-09T11:02:32,complex_trace;high_gas_used_context,0x116c5213,false
25714599,0x7e64c4c1d69f19a7f95e667404eac875690c7a3e9cd87d8275b9ab56fd20548c,0x0bde59981fdeac219ce9e618d27f193438bff786,0x81463b0f960f247f704377661ec81c1fd65b5128,2026-08-09T11:02:34,complex_trace;token_activity_burst,0xa722c518,false
25714600,0x15ff16df417c81e6cfbeb25ae29f13863b52d74a5595f11bcef40d52c20d5a23,0x7830c87c02e56aff27fa8ab1241711331fa86f43,0xa9d1e08c7793af67e9d92fe308d5697fb81d3e43,2026-08-09T11:02:41,dense_internal_fund_flow,0x1a1da075,true
25714600,0x243fb3611d43cf30e593b0c25b7ada3b8da732d3b0917b82f4368a405c27f887,0x56399f90d192b9a935cb8142166748ba3c97aa4b,0x7512ce22c7aae5a4150d1fb15bab10d831cdaf12,2026-08-09T11:02:41,privileged_execution_context,0x0007a8ac,false
25714600,0x4a8d87541134744a75f559a4308adab37d660456eb3f95e92336e5cf1addc51e,0x5b43453fce04b92e190f391a83136bfbecedefd1,0xbdb3ba9ffe392549e1f8658dd2630c141fdf47b6,2026-08-09T11:02:41,complex_trace;high_gas_used_context;token_activity_burst,0x000000c3,false
25714600,0x64d9b766630801ab45a11eddbb9c0d8cd5e17f71825c078b16587c8787f77ee5,0x2767ae7e0c205425a7b7f7583c512513c527f482,0x96d3a49a2b5ceb40393d1040dade85fd70c01174,2026-08-09T11:02:41,repeated_internal_token_drain;dense_internal_fund_flow;very_complex_trace;high_gas_used_context;token_activity_burst;repeated_risky_internal_calls,0xff4d46ec,true
25714600,0x68c39d686f9f71553b6654acb500947bfe93fc75b3c02e48edf76e27c93c62e7,0x2767ae7e0c205425a7b7f7583c512513c527f482,0x96d3a49a2b5ceb40393d1040dade85fd70c01174,2026-08-09T11:02:41,repeated_internal_token_drain;dense_internal_fund_flow;very_complex_trace;high_gas_used_context;token_activity_burst;repeated_risky_internal_calls,0xff4d46ec,true
25714600,0xe21566726781bc18ee9c70485faf12d798f9e1edbad5245df2bbc8c6cf72f275,0x2767ae7e0c205425a7b7f7583c512513c527f482,0x96d3a49a2b5ceb40393d1040dade85fd70c01174,2026-08-09T11:02:41,repeated_internal_token_drain;dense_internal_fund_flow;very_complex_trace;high_gas_used_context;token_activity_burst;repeated_risky_internal_calls,0xff4d46ec,true
25714601,0x400e3bc75eca7fc2e3ecb5f55b95eeb5b1db8cb376ac10074938089fa94e2617,0x7b49bc3ebbdf7322f31c6449320382bbec3be1b6,0xad3b67bca8935cb510c8d18bd45f0b94f54a968f,2026-08-09T11:02:48,complex_trace;high_gas_used_context;token_activity_burst;approval_burst,0x146ee74d,false
25714601,0x5868f9794262abb7ef4b9a0c9d1a536f08a9c86c66262da29435c3f18e72632c,0x2767ae7e0c205425a7b7f7583c512513c527f482,0x96d3a49a2b5ceb40393d1040dade85fd70c01174,2026-08-09T11:02:48,repeated_internal_token_drain;dense_internal_fund_flow;very_complex_trace;high_gas_used_context;token_activity_burst;repeated_risky_internal_calls,0xff4d46ec,true
25714601,0xb71be18c0d336e51f35e6f2bdb5d720e7b296b663e9c323356580c255f96f1a0,0x2767ae7e0c205425a7b7f7583c512513c527f482,0x96d3a49a2b5ceb40393d1040dade85fd70c01174,2026-08-09T11:02:48,repeated_internal_token_drain;dense_internal_fund_flow;very_complex_trace;high_gas_used_context;token_activity_burst;repeated_risky_internal_calls,0xff4d46ec,true
25714601,0xcfd6a8ddbede8bcb9068d16968e66c4c161d50f97dec69b09242b1750d2f2e84,0x2767ae7e0c205425a7b7f7583c512513c527f482,0x96d3a49a2b5ceb40393d1040dade85fd70c01174,2026-08-09T11:02:48,repeated_internal_token_drain;dense_internal_fund_flow;very_complex_trace;high_gas_used_context;token_activity_burst;repeated_risky_internal_calls,0xff4d46ec,true
25714602,0xf636bf473365e946215bd11ce27cbe1ba9a339908d26cf1209f03d7a1d073930,0xcfaf456281b13c05ee52b6a3db07e8f3967632b1,0x3d90f66b534dd8482b181e24655a9e8265316be9,2026-08-09T11:02:54,dense_internal_fund_flow,0x47ee97ff,true
25714602,0x44d7f34d1ac9847ff8b960bbd4486ba0e16bc0b3206e8b8de2f57388808879b7,0xdda3b51e29f9d6fad865c5dd7070d5f7eb57663e,0x8d8210a0252a706cb5de0c6f8e46b6d3692afc19,2026-08-09T11:02:55,complex_trace;high_gas_used_context,0xffc3a769,false
25714602,0x4f26b4faf39a68e6145d564eaecd888218768da9fe8f77936245d4b64485a0cd,0x09a591f0e4fa0abac08f05bc0916c51ee34c1a1b,0x5cb16a393b9b43c590953b51058edab1bde0f5fa,2026-08-09T11:02:55,dense_internal_fund_flow,0x501d976c,true
25714603,0xb31112f4912f4cf6e7cb8efa9c36c2ebeaf9758cbc6351f69047c87f4d6978f1,0x2767ae7e0c205425a7b7f7583c512513c527f482,0x96d3a49a2b5ceb40393d1040dade85fd70c01174,2026-08-09T11:02:59,repeated_internal_token_drain;dense_internal_fund_flow;very_complex_trace;high_gas_used_context;token_activity_burst;repeated_risky_internal_calls,0xff4d46ec,true
25714603,0xc93a6cda95e35b9d286007d23b3f856df9c9d2c777a2a9fcfadd4748901cc9d0,0x2767ae7e0c205425a7b7f7583c512513c527f482,0x96d3a49a2b5ceb40393d1040dade85fd70c01174,2026-08-09T11:02:59,repeated_internal_token_drain;dense_internal_fund_flow;very_complex_trace;high_gas_used_context;token_activity_burst;repeated_risky_internal_calls,0xff4d46ec,true
25714604,0xf8793993a3c7c35684b86c049458ac3b083f3ea2692dfcd0a8dbf5f1e5a8bc03,0x56399f90d192b9a935cb8142166748ba3c97aa4b,0x7512ce22c7aae5a4150d1fb15bab10d831cdaf12,2026-08-09T11:03:09,privileged_execution_context,0x0007a8ac,false
25714604,0x5b9679a29e40cf6c162030c4f0c4c4037aa66f752bca4765123b690b8037376d,0xd0588c940bdbfcfb5f3e8e3c843ed1462d9f828e,0x6a2e3a1e16fc29f27ce61429746d558d656975bb,2026-08-09T11:03:10,dense_internal_fund_flow;complex_trace,0xd2ce7d65,true
25714606,0x63994f35b0336e6e596835e6cecd63ac0dca0ef7ba7763ed92dc996632165164,0x366bc44b91897b2f06940de130129b3c3fd6562c,0x1231deb6f5749ef6ce6943a275a1d3e7486f4eae,2026-08-09T11:03:41,dense_internal_fund_flow;complex_trace;high_gas_used_context;token_activity_burst,0x80c65808,true
25714606,0x867dfae37403d85f856e639563d397e6db7f8114cd95ac6ba66943292a72fcc2,0x563bb4a35af2072160f11fa8b87763f576f31018,0x6aba0315493b7e6989041c91181337b662fb1b90,2026-08-09T11:03:41,complex_trace;high_gas_used_context;token_activity_burst,0x25356bc7,false
25714606,0xb553d3bf58c4dd8b16960b37c1a1cb8daec2ecacdc4b2643ca17b6a31dd2cb39,0x2767ae7e0c205425a7b7f7583c512513c527f482,0x96d3a49a2b5ceb40393d1040dade85fd70c01174,2026-08-09T11:03:41,repeated_internal_token_drain;dense_internal_fund_flow;very_complex_trace;high_gas_used_context;token_activity_burst;repeated_risky_internal_calls,0xff4d46ec,true
25714606,0x74108669c766d8b6e13705807d353e865718c7a747d5b148338e6ced088652f4,0x00d9fe085d99b33ab2aae8063180c63e23bf2e69,0x75884f3ada15c953529abaac6549d5204135ec36,2026-08-09T11:03:43,repeated_internal_token_drain;dense_internal_fund_flow;complex_trace;high_gas_used_context;token_activity_burst;repeated_risky_internal_calls,0xa9059cbb,true
25714606,0xdbbdc3d5e6fd0a1b3bc6585a72cebf9d7bd082a5267c9e192b8a172a82942dce,0xd714e1d25067c2421ea58b962d900732f77ab23b,0xcd2bdb8af031d29d2bc38ef08b842d31e344384c,2026-08-09T11:03:43,repeated_internal_token_drain;dense_internal_fund_flow;complex_trace;high_gas_used_context;token_activity_burst;repeated_risky_internal_calls,0xa9059cbb,true
25714607,0x4efb422fe316ed5eaa9b3d1943e51228af0d7dce6bef44fd7f304e4be5ea0360,0x2767ae7e0c205425a7b7f7583c512513c527f482,0x96d3a49a2b5ceb40393d1040dade85fd70c01174,2026-08-09T11:03:48,repeated_internal_token_drain;dense_internal_fund_flow;very_complex_trace;high_gas_used_context;token_activity_burst;repeated_risky_internal_calls,0xff4d46ec,true
25714607,0x5c0b960f280fe8cbb4b9dfe4c82c608ac0aeb538c69e6d1dc18ee7a1af4990e3,0x2767ae7e0c205425a7b7f7583c512513c527f482,0x96d3a49a2b5ceb40393d1040dade85fd70c01174,2026-08-09T11:03:48,repeated_internal_token_drain;dense_internal_fund_flow;very_complex_trace;high_gas_used_context;token_activity_burst;repeated_risky_internal_calls,0xff4d46ec,true
25714607,0x68b27f325be93d679c358b8b03abe5bdcde8246fb5022fa4e16030480e3249a3,0x0e0052a184fd59c6b7e1e99d739802ecb3aec0e4,0x0b8a49d816cc709b6eadb09498030ae3416b66dc,2026-08-09T11:03:48,complex_trace;approval_burst,0xf497df75,false
25714607,0xc21b9aed32845a63cfd5a6d2df84ad71dd4eed4593175c70e971a01dd34d7a01,0x2767ae7e0c205425a7b7f7583c512513c527f482,0x96d3a49a2b5ceb40393d1040dade85fd70c01174,2026-08-09T11:03:48,repeated_internal_token_drain;dense_internal_fund_flow;very_complex_trace;high_gas_used_context;token_activity_burst;repeated_risky_internal_calls,0xff4d46ec,true
25714609,0x6b8263f91d19350722b07a942c4970fcd85fc644d1d9c60acc6788431f5d856a,0x5f8769281662a4af0175f7efe521892c52850ac6,0x40a6700b99115cda7b12bd0e21db1be8ae524bf2,2026-08-09T11:04:07,high_gas_used_context;token_activity_burst,0xa9059cbb,false
25714609,0x7841272e02b81920391c830ad22937e983e9f0571f8665606921d4abc8a4212f,0xee190b5beb2703a8087a02fab90bc9ce17b4ca76,0x4313c378cc91ea583c91387b9216e2c03096b27f,2026-08-09T11:04:07,dense_internal_fund_flow;complex_trace,0xeffbec13,true
25714609,0x804cec8bdf960dedecd0f734afc1eb172c52116c7eb474c6c6ceb7e8ff8895d3,0x2767ae7e0c205425a7b7f7583c512513c527f482,0x96d3a49a2b5ceb40393d1040dade85fd70c01174,2026-08-09T11:04:07,repeated_internal_token_drain;dense_internal_fund_flow;very_complex_trace;high_gas_used_context;token_activity_burst;repeated_risky_internal_calls,0xff4d46ec,true
25714609,0x80602ace41ec6314d61c37cf563a7251146c0ab1414559f033ad37daa41be3c7,0x0e0052a184fd59c6b7e1e99d739802ecb3aec0e4,0xd82461784eb72d4b67cbab077989eb215315e272,2026-08-09T11:04:07,complex_trace;approval_burst,0x805f7b65,false
25714609,0xe0de427f2c4c289ee9ec518f8c8f569f161e77df4b1c7bc92179672b9ca76594,0x2767ae7e0c205425a7b7f7583c512513c527f482,0x96d3a49a2b5ceb40393d1040dade85fd70c01174,2026-08-09T11:04:07,repeated_internal_token_drain;dense_internal_fund_flow;very_complex_trace;high_gas_used_context;token_activity_burst;repeated_risky_internal_calls,0xff4d46ec,true
25714610,0x942747d2e4fde232adf4a119826f7bccb8c1faea8a5092860bb2f1545df15e34,0x366bc44b91897b2f06940de130129b3c3fd6562c,0xac4c6e212a361c968f1725b4d055b47e63f80b75,2026-08-09T11:04:23,dense_internal_fund_flow;complex_trace,0x5f3bd1c8,true
25714610,0xb628e908bc0e7009309a7953eb773dc3cbe5802877e52f3b301745ad31431d59,0x3a5c67d0007114f3bca08ada266ca40934d0a95f,0xc2a119ea6de75e4b1451330321cb2474eb8d82d4,2026-08-09T11:04:23,complex_trace;high_gas_used_context,0xe9a2e778,false
25714610,0xb9fbd42435ba5502cd14539331b07110aca9ae77a4447811a7871bd3521e0beb,0x7830c87c02e56aff27fa8ab1241711331fa86f43,0xa9d1e08c7793af67e9d92fe308d5697fb81d3e43,2026-08-09T11:04:23,dense_internal_fund_flow,0x1a1da075,true
25714610,0xea7751461e89b2b16f190e1cfe2687e34ea2f75197c592f9cc9e5d957a1ce6b2,0x3e5a0f9a77215dc7d8bc407749bb5f5e0101d777,0x509ebf4eacf1edc11a6c0ed18903935331998b56,2026-08-09T11:04:23,complex_trace;high_gas_used_context,0xbaae8abf,false
25714610,0xf45b5e4e68d70135111899dff619a1845d571aff916b5cdc9ab9637d80fd4899,0x0e0052a184fd59c6b7e1e99d739802ecb3aec0e4,0xd82461784eb72d4b67cbab077989eb215315e272,2026-08-09T11:04:23,complex_trace;approval_burst,0x805f7b65,false
25714611,0xf7dc162a2e4bca5aa1589964eb52664a1fdcb66011d82190beb638e5b94f94c8,0xe75ed6f453c602bd696ce27af11565edc9b46b0d,0x81463b0f960f247f704377661ec81c1fd65b5128,2026-08-09T11:04:33,dense_internal_fund_flow;complex_trace;high_gas_used_context;token_activity_burst,0xb32c1720,true
25714611,0xd92f67b775e700c1dacc348401be66e6a676ef2ee11c2893575706eb85d3c976,0xdddc45d06bc9fb97b208cae889b728639a6f8f76,0xd90e2f925da726b50c4ed8d0fb90ad053324f31b,2026-08-09T11:04:34,dense_internal_fund_flow,0x13d98d13,true
25714611,0x553a27bc8a17431fcd20d087d22f893bb19642c044c2fa19d21aa43f9f957157,0x1584a8ee67789d1fe161065388657ad2f2a3c7dd,0x77eb52e44db06777bce478159f25c0d55a295314,2026-08-09T11:04:35,repeated_internal_token_drain;dense_internal_fund_flow;complex_trace;token_activity_burst;repeated_risky_internal_calls,0xa9059cbb,true
25714611,0xaedbf897614df8e2d6557bb203c6000e9e57775d08673409c9ea2b3dfb6c0fe2,0x2767ae7e0c205425a7b7f7583c512513c527f482,0x96d3a49a2b5ceb40393d1040dade85fd70c01174,2026-08-09T11:04:35,repeated_internal_token_drain;dense_internal_fund_flow;very_complex_trace;high_gas_used_context;token_activity_burst;repeated_risky_internal_calls,0xff4d46ec,true
25714612,0x27fdbf78dacafb5a29357c3ed15475d242d3378924d784f1b574a8a1499488f5,0x67b94473d81d0cd00849d563c94d0432ac988b49,0x86e4dc95c7fbdbf52e33d563bbdb00823894c287,2026-08-09T11:04:45,complex_trace;high_gas_used_context,0x4e43e495,false
25714612,0xe70bb293d683c516dabf7ac9cf84c5dd29db8b839b42932926f5d89339da1a72,0x0e0052a184fd59c6b7e1e99d739802ecb3aec0e4,0xd82461784eb72d4b67cbab077989eb215315e272,2026-08-09T11:04:45,complex_trace;approval_burst,0x805f7b65,false
25714613,0x3f8f5dd63b02274bb6b80024abb80c44d9df27c149075e83fb9f3f3327c32cb2,0x1690f3d0e95c2f050e86f51292275292bc98f003,0x1231deb6f5749ef6ce6943a275a1d3e7486f4eae,2026-08-09T11:04:54,dense_internal_fund_flow;complex_trace,0x2c57e884,true
25714613,0xc73f4abcb3f050756f6cc20c58db8392bca4ba29d4ea624b1d372056318ef7ad,0x70e59f9c304e4d5096bd408b571e2dcd99c3120b,0xad3b67bca8935cb510c8d18bd45f0b94f54a968f,2026-08-09T11:04:54,complex_trace;approval_burst,0x146ee74d,false
25714614,0x5e82d4ac8f8efe9787179791c1d527c60b16e42c523555e98f2fc019616eec04,0xbad000006db10503589262b55d09bb7b3c5e1472,0xbbbbb048b1a85ca221058c45525095b6a68bbbbb,2026-08-09T11:05:09,repeated_internal_token_drain;dense_internal_fund_flow;complex_trace;high_gas_used_context;token_activity_burst;repeated_risky_internal_calls,0xa9059cbb,true
25714615,0x9d3add52c35eee1d903e056597aa4ebcf3f23fd6e733da75baa6425c1929dc3c,0x73976a95bc1746cd5b3c1fadd0ea35860693bedd,0x4313c378cc91ea583c91387b9216e2c03096b27f,2026-08-09T11:05:22,dense_internal_fund_flow,0xeffbec13,true
25714615,0x85406e603bdb0de8f12adc88345bab9a840ef50313c371dd16f13c97778fde90,0x8f67a2ffad8eef610a476b40bdd7353b5292749e,0xb4769e9c5be31199a25ecd1b0c6609183fa72521,2026-08-09T11:05:23,dense_internal_fund_flow;complex_trace,0xa11b1198,true
25714615,0xb9c208aff2bc925205b6ec8fe1e3566b26dababab17c41daaece277d35a63093,0x7b49bc3ebbdf7322f31c6449320382bbec3be1b6,0xad3b67bca8935cb510c8d18bd45f0b94f54a968f,2026-08-09T11:05:23,complex_trace;high_gas_used_context;token_activity_burst;approval_burst,0x146ee74d,false
25714615,0xdff236613db0655f56ea6cf71f167a76240d0e0cf8c2bb2a125ce82484c34154,0x70e59f9c304e4d5096bd408b571e2dcd99c3120b,0xad3b67bca8935cb510c8d18bd45f0b94f54a968f,2026-08-09T11:05:23,repeated_internal_token_drain;dense_internal_fund_flow;very_complex_trace;high_gas_used_context;token_activity_burst;approval_burst;repeated_risky_internal_calls,0x146ee74d,true
25714615,0x595b80566ca6ed4df761d84dae61a7ddfdab7c170d30e76db18bb93e168ccad3,0xdda3b51e29f9d6fad865c5dd7070d5f7eb57663e,0x8d8210a0252a706cb5de0c6f8e46b6d3692afc19,2026-08-09T11:05:27,complex_trace;high_gas_used_context,0xffc3a769,false
25714615,0x7db9bf8c253b6b0bec78e8d560c2f6484bf5ad261e0cfa270d68263fec6a968a,0x27c2a1733f14e1247c5feb1c37cd52ae7d0d2bf2,0x140022b7000081000001094700609300d2187dab,2026-08-09T11:05:27,complex_trace;high_gas_used_context;token_activity_burst,0xd010ddd6,false
25714616,0x80d1370c78ffe593232eaf124dce9975d962aeb02ad85cbb93ec1dd443c6d2ae,0x2767ae7e0c205425a7b7f7583c512513c527f482,0x96d3a49a2b5ceb40393d1040dade85fd70c01174,2026-08-09T11:05:36,repeated_internal_token_drain;dense_internal_fund_flow;very_complex_trace;high_gas_used_context;token_activity_burst;repeated_risky_internal_calls,0xff4d46ec,true
25714616,0xc6bea65a80840d66a74b68188a4f3dba0d6fa2d8404bfedd839829af05f818ff,0x2767ae7e0c205425a7b7f7583c512513c527f482,0x96d3a49a2b5ceb40393d1040dade85fd70c01174,2026-08-09T11:05:36,repeated_internal_token_drain;dense_internal_fund_flow;very_complex_trace;high_gas_used_context;token_activity_burst;repeated_risky_internal_calls,0xff4d46ec,true
25714616,0xcee1f478b96e4d9813364d4842678fc96df14064b7a6cec8041187eaf81dedae,0x2767ae7e0c205425a7b7f7583c512513c527f482,0x96d3a49a2b5ceb40393d1040dade85fd70c01174,2026-08-09T11:05:36,repeated_internal_token_drain;dense_internal_fund_flow;very_complex_trace;high_gas_used_context;token_activity_burst;repeated_risky_internal_calls,0xff4d46ec,true
25714617,0x0b73636297e8d09ebaa0f1385dd06a873e1e9c4ebe76ab454445a6e805ef0dec,0x2767ae7e0c205425a7b7f7583c512513c527f482,0x96d3a49a2b5ceb40393d1040dade85fd70c01174,2026-08-09T11:05:51,repeated_internal_token_drain;dense_internal_fund_flow;very_complex_trace;high_gas_used_context;token_activity_burst;repeated_risky_internal_calls,0xff4d46ec,true
25714617,0x2568f2c21e733418e52466b623bddd777cd61f8217f2996fa75584771d5e9fb1,0x35f51dbaf773d579e8d3c2e70e2c908a4a02be33,0x28b1dc1a5e3699a428bc51d234dfab7c9cb2a183,2026-08-09T11:05:51,dense_internal_fund_flow,0x08298b5a,true
25714617,0x7c708a8e50540abd35047a3deabe04bee0216fb5f5725918de8f1a686f975442,0x70e59f9c304e4d5096bd408b571e2dcd99c3120b,0xad3b67bca8935cb510c8d18bd45f0b94f54a968f,2026-08-09T11:05:51,complex_trace;high_gas_used_context;token_activity_burst;approval_burst,0x146ee74d,false
25714617,0x8ec4bda5daf10fa956fcd20bfdfeb1b7977748387cea54823703da1b662c5e09,0x2767ae7e0c205425a7b7f7583c512513c527f482,0x96d3a49a2b5ceb40393d1040dade85fd70c01174,2026-08-09T11:05:51,repeated_internal_token_drain;dense_internal_fund_flow;very_complex_trace;high_gas_used_context;token_activity_burst;repeated_risky_internal_calls,0xff4d46ec,true
25714617,0xa482253fa3a7f025ee2c39113f1087cee94ff65a651e5edaa5008cb0a6b1c32d,0xcbe6fbf5e3c427013688e04d0fde56705890c4be,0xfaae2946e846133af314d1df13684c89fa7d83dd,2026-08-09T11:05:51,complex_trace;high_gas_used_context,0x538f9406,false
25714617,0xa66aed24de7da30cd36369788d8efd9b1e2e6530a00d0ff31f5beb4d574b2467,0x0ebb7e59931c0401dbcb0553a716f9cbe74f3f40,,2026-08-09T11:05:53,large_erc20_asset_flow;complex_trace;high_gas_used_context;contract_creation_context,0x60806040,true
25714618,0x69781632d396f5830e3d1ceb4ecdac41375d5e5feacd0baa451ac0746379451e,0x09cfee647fa339133380191c8db6b44f24500c9d,0x77b85afbcd336993ac1c65057531c5a5b33b76b8,2026-08-09T11:06:02,repeated_internal_token_drain;dense_internal_fund_flow;complex_trace;high_gas_used_context;token_activity_burst;repeated_risky_internal_calls,0xa9059cbb,true
25714620,0x38ab59978487a445ff154e4941123ad2f23a706623d675b160fd53d5227385d6,0x2767ae7e0c205425a7b7f7583c512513c527f482,0x96d3a49a2b5ceb40393d1040dade85fd70c01174,2026-08-09T11:06:21,repeated_internal_token_drain;dense_internal_fund_flow;very_complex_trace;high_gas_used_context;token_activity_burst;repeated_risky_internal_calls,0xff4d46ec,true
25714621,0x0f132cb743dca028c76da1a5df7311324f54140c3d3ae800943aa9b3f4951aaf,0xd714e1d25067c2421ea58b962d900732f77ab23b,0xcd2bdb8af031d29d2bc38ef08b842d31e344384c,2026-08-09T11:06:33,complex_trace;high_gas_used_context;token_activity_burst,0xa9059cbb,false
25714621,0x17fe35d395190888ef0279c2af2cf1e41c1201e5ebc1a6b53a0ebfc5398cd1b9,0x3cfdc212769c890907bce93d3d8c2c53de6a7a89,0x433709009b8330fda32311df1c2afa402ed8d009,2026-08-09T11:06:33,privileged_execution_context;complex_trace,0x765e827f,false
25714621,0x34fb368ab77b4bec6230e2f140539fb1a50ef8f888a0da1ce0717606853218f4,0x18c1c90101aa2d04b62a8fa80fb8d9a574362079,0x0a252663dbcc0b073063d6420a40319e438cfa59,2026-08-09T11:06:33,dense_internal_fund_flow;large_mint_to_sender;very_complex_trace;high_gas_used_context;token_activity_burst;selfdestruct_context,0xf5878b9b,true
25714621,0x4c03610dd070fb138a375f9b9989aa3fdc29dd94c19331fe1f7267cc5a35c4a2,0x062ce42cae04c51d04e77e3d64cc8953a2296ffe,0x8a25a24ede9482c4fc0738f99611be58f1c839ab,2026-08-09T11:06:33,large_erc20_asset_flow;complex_trace,0x6a761202,true
25714621,0x7c59ec6b631840ed016a1730f4d3c6ce10a9658787391b65060f92ae4eac6e30,0x00d9fe085d99b33ab2aae8063180c63e23bf2e69,0x75884f3ada15c953529abaac6549d5204135ec36,2026-08-09T11:06:33,repeated_internal_token_drain;dense_internal_fund_flow;complex_trace;high_gas_used_context;token_activity_burst;repeated_risky_internal_calls,0xa9059cbb,true
25714622,0x9346a95e61a95e050c7f5c9280f89640b9882a6eedb562199134b37bbd0a829f,0xdda3b51e29f9d6fad865c5dd7070d5f7eb57663e,0x8d8210a0252a706cb5de0c6f8e46b6d3692afc19,2026-08-09T11:06:43,complex_trace;high_gas_used_context,0xffc3a769,false
25714622,0xac7ba8101f26fa24656826b3958c5d3c2404e02cde79fd77eb27bfe19805e7cc,0x83626202c45fbbc43ef0c1f7589a8022120557ce,0x7a250d5630b4cf539739df2c5dacb4c659f2488d,2026-08-09T11:06:43,dense_internal_fund_flow,0xaf2979eb,true
25714623,0x904158e10f503caeaf26bf6796d743d3d3899e7a2605d670d2c46f677079e0ae,0x70e59f9c304e4d5096bd408b571e2dcd99c3120b,0xad3b67bca8935cb510c8d18bd45f0b94f54a968f,2026-08-09T11:06:57,complex_trace;high_gas_used_context;token_activity_burst;approval_burst,0x146ee74d,false
25714623,0x2ca8a7024f69241381a4a77c16a03e81fd5c25de771c849790636ba95c53a2d9,0x14d0a6bf9e7e162226f2563ea787809217a79033,0x8090a9db6aca56ffa186c75ca0787b18af1058a0,2026-08-09T11:06:58,privileged_execution_context;complex_trace,0xd85064c2,false
25714624,0x1ba8614c71608453600a3a9cc326c4c239aaf67b267a970ebdc86f74911800e9,0x2767ae7e0c205425a7b7f7583c512513c527f482,0x96d3a49a2b5ceb40393d1040dade85fd70c01174,2026-08-09T11:07:05,repeated_internal_token_drain;dense_internal_fund_flow;very_complex_trace;high_gas_used_context;token_activity_burst;repeated_risky_internal_calls,0xff4d46ec,true
25714624,0x2b294cb4355a9889080c1b63e293689f386333d523b65bc4cf64691f5414de7b,0x2767ae7e0c205425a7b7f7583c512513c527f482,0x96d3a49a2b5ceb40393d1040dade85fd70c01174,2026-08-09T11:07:05,repeated_internal_token_drain;dense_internal_fund_flow;very_complex_trace;high_gas_used_context;token_activity_burst;repeated_risky_internal_calls,0xff4d46ec,true
25714624,0x59e67577ea930143900b7d33faf7983b79f1d87337cccd75f2ddaf88fb090e44,0x2767ae7e0c205425a7b7f7583c512513c527f482,0x96d3a49a2b5ceb40393d1040dade85fd70c01174,2026-08-09T11:07:05,repeated_internal_token_drain;dense_internal_fund_flow;very_complex_trace;high_gas_used_context;token_activity_burst;repeated_risky_internal_calls,0xff4d46ec,true
25714624,0xf51a6fd291e9cec8630baf3a47cfd0fd37e414e80b89793633aa62a71e9e8dae,0x2767ae7e0c205425a7b7f7583c512513c527f482,0x96d3a49a2b5ceb40393d1040dade85fd70c01174,2026-08-09T11:07:05,repeated_internal_token_drain;dense_internal_fund_flow;very_complex_trace;high_gas_used_context;token_activity_burst;repeated_risky_internal_calls,0xff4d46ec,true
25714624,0x4130d48a299bee1484b2f0030ee15b4817e872f5b7bb544098b00a8cf312c8e3,0x38952064d8c5ef265481a7f1dd22d70dd6b21b27,0x8c8024bf5f90a06cced7d32babccb934942c82f6,2026-08-09T11:07:16,complex_trace;high_gas_used_context,0x4e7bc6df,false
25714625,0x28f21cb3243e2a240119273d65786e663231536f79bf994d2397c2504116a48e,0x2767ae7e0c205425a7b7f7583c512513c527f482,0x96d3a49a2b5ceb40393d1040dade85fd70c01174,2026-08-09T11:07:21,repeated_internal_token_drain;dense_internal_fund_flow;very_complex_trace;high_gas_used_context;token_activity_burst;repeated_risky_internal_calls,0xff4d46ec,true
25714625,0x47eaf3bfaeffaf9941bc4ec9ced99fe404b857757a00bbfc628a0ed900a672bb,0x2767ae7e0c205425a7b7f7583c512513c527f482,0x96d3a49a2b5ceb40393d1040dade85fd70c01174,2026-08-09T11:07:21,repeated_internal_token_drain;dense_internal_fund_flow;very_complex_trace;high_gas_used_context;token_activity_burst;repeated_risky_internal_calls,0xff4d46ec,true
25714625,0xb07422e6b12b9518127543e23f88aee287950f7246fb0b9ca3ff3cdfb50676e1,0x7830c87c02e56aff27fa8ab1241711331fa86f43,0xa9d1e08c7793af67e9d92fe308d5697fb81d3e43,2026-08-09T11:07:21,large_erc20_asset_flow;token_activity_burst,0xca350aa6,true
25714626,0x1d52ce300a8c013a5e0464cef4e73f958967045bbcf44e74853e2fbe74c85d0f,0x09cfee647fa339133380191c8db6b44f24500c9d,0x77b85afbcd336993ac1c65057531c5a5b33b76b8,2026-08-09T11:07:35,high_gas_used_context;token_activity_burst,0xa9059cbb,false
25714626,0x4de96665a02ae68af270eade3c6ef63336aabf10fbe74183f2242787a8f4163f,0x5f8769281662a4af0175f7efe521892c52850ac6,0x40a6700b99115cda7b12bd0e21db1be8ae524bf2,2026-08-09T11:07:35,repeated_internal_token_drain;dense_internal_fund_flow;complex_trace;high_gas_used_context;token_activity_burst;repeated_risky_internal_calls,0xa9059cbb,true
25714626,0x767176c2920b2deaf99aaa6f5356fca1fab2427532bde64524b591514245b814,0x853dda5a97ba1a002cb7bdd61270c4654719740d,0x4313c378cc91ea583c91387b9216e2c03096b27f,2026-08-09T11:07:35,dense_internal_fund_flow;complex_trace,0xeffbec13,true
25714627,0x0b020f3b2ae0f5d3444cd5c8680bddb311a93aa430b040544dafd467ddcc47a8,0x44df73cb1cca266156d0a5f2b226829678891db6,0x0000000000001ff3684f28c67538d4d072c22734,2026-08-09T11:07:42,dense_internal_fund_flow;complex_trace;high_gas_used_context;token_activity_burst,0x2213bc0b,true
25714627,0xe0e0b781bf6453d4228ad818e7266237e96be22bf8b87cc07534d1b4c672a1c4,0xe9f95ab106b82c9d6a74eefab2d9fba9c5f2b642,0xeff6cb8b614999d130e537751ee99724d01aa167,2026-08-09T11:07:43,large_erc20_asset_flow,0x003fffc2,true
25714627,0x0efaf72839244a3540daffce5609073ce1bed0c5e3865536f0d7cd6087c4c8ab,0xab00819212917da43a81b696877cc0bca798b613,0xf4e147db314947fc1275a8cbb6cde48c510cd8cf,2026-08-09T11:07:44,privileged_execution_context,0x760d0f9d,false
25714627,0xca51dd9923caf639c1123ee6716a4a84a912dac0ed35945d3f0a1ac39d45857c,0x5a4fc9dd7b390a0f9b2909a0c34ce55cedc42377,0x937e98238a40ce221a5bd412578dcb383c9126b6,2026-08-09T11:07:44,dense_internal_fund_flow;high_gas_used_context;token_activity_burst,0x983bc41b,true
25714627,0xea0c68a18550a68f8dcefce8f62417752586c1785d9cf5eb7cdb0b1b00c64b3d,0x3d4e12d540cf67a9c38da66a20943acac075725d,0x1eeda6359b726f7e5a662288ed7f1793ed6788b9,2026-08-09T11:07:44,repeated_internal_token_drain;dense_internal_fund_flow;complex_trace;high_gas_used_context;token_activity_burst;repeated_risky_internal_calls,0xa9059cbb,true
25714628,0xa21a06dbdd1120eba0fde1ee7c2e957367fb71b4450b7e18c7e024564c16219f,0x76ac94a97089345b7012a3105bdf905d9b0fd535,0x52b335fd4d229c4b4ffa6190526e4b5fb8e3fb09,2026-08-09T11:08:11,dense_internal_fund_flow;complex_trace,0x085c8c5e,true
25714628,0x5d44dccfb9c9a2db63d74fa79184b86936070b22b710dd5e0121f3279e3a4a83,0x8a02495884a9820d3239b80f982385c8f74b8b66,0x28b1dc1a5e3699a428bc51d234dfab7c9cb2a183,2026-08-09T11:08:12,dense_internal_fund_flow;complex_trace;high_gas_used_context,0x0c307f76,true
25714629,0x1dc6e36d32baa5283a72cbbd7e20e6a1c1b1620b6c2d1dc582d30c7e03f5a90c,0xb7ba29653f5b42af0da44877fd8c545fad05478e,0x28b1dc1a5e3699a428bc51d234dfab7c9cb2a183,2026-08-09T11:08:35,complex_trace;high_gas_used_context,0x0c307f76,false
25714629,0x83a3228a7deb29d1753be3e27c7e87a9c94863e14dd818bb8f9350f2ed8acac1,0xe99bd1c2dd70cd58e5efd47887991700e7318ce2,0xad3b67bca8935cb510c8d18bd45f0b94f54a968f,2026-08-09T11:08:35,dense_internal_fund_flow;complex_trace;high_gas_used_context;token_activity_burst;approval_burst,0x146ee74d,true
25714630,0x9643a7e3c3517afa739c39ba73e1a1fbb5c8e65a0cd36b69b1fbe95f516946a5,0x7830c87c02e56aff27fa8ab1241711331fa86f43,0xa9d1e08c7793af67e9d92fe308d5697fb81d3e43,2026-08-09T11:09:05,dense_internal_fund_flow,0x1a1da075,true
25714630,0xd569e598804395636cccbe6988e306766aa07aceda525fe7d14d93ab2836c11d,0xcbe6fbf5e3c427013688e04d0fde56705890c4be,0xfaae2946e846133af314d1df13684c89fa7d83dd,2026-08-09T11:09:05,complex_trace;high_gas_used_context,0x538f9406,false
25714630,0xce7ea70696884b9a94a4ef2c40767dec7dc40a3d4dfa9fb4dee5e88034605de8,0x7b49bc3ebbdf7322f31c6449320382bbec3be1b6,0xad3b67bca8935cb510c8d18bd45f0b94f54a968f,2026-08-09T11:09:06,complex_trace;high_gas_used_context;token_activity_burst;approval_burst,0x146ee74d,false
25714630,0xb20a440461512d2fea7e6570e7b703f232e1f8e63abeb4a313cb1c6766ae812a,0xa154b98e53fc35e1bad1ff758acbc8c629bdcd2b,0x19917386eeae67b6ff7ddf07de4019fca40aa4ec,2026-08-09T11:09:07,complex_trace;token_activity_burst,0xa9059cbb,false
25714631,0x57ec2d9572bc3f27cd8e0f0e6e270cb317d734ed3762a4415b1f924e09c2d2b6,0x11a3573b0959cde6b9df4d8067187944d000458f,0x6131b5fae19ea4f9d964eac0408e4408b66337b5,2026-08-09T11:09:42,complex_trace;high_gas_used_context,0xe21fd0e9,false
25714631,0x4139828103cd22f0bdb871f667606547965c52e1253015262bc83dbf9e423cd5,0xae2fc483527b8ef99eb5d9b44875f005ba1fae13,0x1f2f10d1c40777ae1da742455c65828ff36df387,2026-08-09T11:09:43,dense_internal_fund_flow,0x2bad1b02,true
25714631,0x5eac70b18f406381a7d7e5a6f8bdc805439436ffbee3d63c8c47f31dde0346b1,0xd1ff062cddaf2c0dbb117e4c5cd2df33b0e2bf2e,0xad15dfa37904c38a861b047639559ce1d56e4c5b,2026-08-09T11:09:44,complex_trace;high_gas_used_context,0x204b5c0a,false
25714631,0xb7ee882127b9af1cf8f81a301159ada1bb29ec55071af96c75481b5a27bb1249,0x59aab1bd0d26290274398c07b55955c15425e16b,0x00fe78205f5f0e63b8ad2b2ae5337f538a610e04,2026-08-09T11:09:44,complex_trace;high_gas_used_context,0x34fcd5be,false
25714631,0xb9ba150d36bed310a0c399db37b528dbfc9152145660708d83d54acfdac0a77b,0xa154b98e53fc35e1bad1ff758acbc8c629bdcd2b,0x19917386eeae67b6ff7ddf07de4019fca40aa4ec,2026-08-09T11:09:44,complex_trace;token_activity_burst,0xa9059cbb,false
25714631,0xeb32fb0e34f1baf891330f23403861d8d985c6c3b3ac57df424e3a432236722e,0x8a02495884a9820d3239b80f982385c8f74b8b66,0x28b1dc1a5e3699a428bc51d234dfab7c9cb2a183,2026-08-09T11:09:44,dense_internal_fund_flow;complex_trace,0x0c307f76,true
25714632,0x5de9d7a2f214ca7d7ebf645882c6918a88a7fae65399a4613c2145579b2ae8bf,0x59aab1bd0d26290274398c07b55955c15425e16b,0x00fe78205f5f0e63b8ad2b2ae5337f538a610e04,2026-08-09T11:10:07,complex_trace;high_gas_used_context,0x34fcd5be,false
25714633,0xd42523fba5564ae2308639780c7823b7e9419fe14e22889191fcc46264fb67eb,0x2d0e59ab7690130f28742b796857ce516655d0cc,0xcb0151ac9479a6a0261622baa63ae843c9793d45,2026-08-09T11:10:10,complex_trace;high_gas_used_context;approval_burst,0x64cd187f,false
25714633,0xb6a1cda7b16d0291131a1339a8975ec55c2cea4cd1feca20e968b0030d601945,0x70e59f9c304e4d5096bd408b571e2dcd99c3120b,0xad3b67bca8935cb510c8d18bd45f0b94f54a968f,2026-08-09T11:10:11,complex_trace;high_gas_used_context;token_activity_burst;approval_burst,0x146ee74d,false
25714633,0x1255e8cf300f252ed7018f2ecf969734d594a6c12d73cf258f75f97e18e96d80,0x59aab1bd0d26290274398c07b55955c15425e16b,0x00fe78205f5f0e63b8ad2b2ae5337f538a610e04,2026-08-09T11:10:12,complex_trace;high_gas_used_context,0x34fcd5be,false
25714634,0x060055c48960e0537ddda8f9933404ccdfd473d11e2442f51f1db98801f91dbd,0x59aab1bd0d26290274398c07b55955c15425e16b,0x00fe78205f5f0e63b8ad2b2ae5337f538a610e04,2026-08-09T11:10:20,complex_trace;high_gas_used_context,0x34fcd5be,false
25714634,0x1c45df3a6373043175799bed5f954a406fbeb32abffd060342fec57ab5df1250,0xaa7bb59682f0647fbe019d875b3aff82be5cd5e5,0xb92fe925dc43a0ecde6c8b1a2709c170ec4fff4f,2026-08-09T11:10:20,dense_internal_fund_flow,0xcd6e13f7,true
25714634,0x51bf91f0cddb48c8a86764c307556e8c98efd5e1c87053f47acee35195478fc1,0x845de02a19aff9e9eee8b0089faeafc77fbe0ed1,0x0fe08d911246566fdfd4afe0181a21ab810ee1c2,2026-08-09T11:10:20,dense_internal_fund_flow;complex_trace,0x2ba64092,true
25714634,0x5e7d373f397cb6137f13a6f95bf27d40c8eaef6234cbd195cb88b02a75d21890,0x54620b9a8a2c43aa8ed028450a7ce656a9c69feb,0x7cf7132a8be97d71852124dc96cd9e08621a49bb,2026-08-09T11:10:20,dense_internal_fund_flow,0x991230cd,true
25714634,0xac62b06d035a442d3414032ce72fc9d71ad472f210060aabbcfe4aabb68d889c,0xf33cdbef0e61b0cd5f74a2ad2bfa297b4224a14a,0x339c0db4a0030c88b4a48aafe56cdba23c8d4338,2026-08-09T11:10:20,large_erc20_asset_flow;very_complex_trace;high_gas_used_context;token_activity_burst,0x9f0f0981,true
25714634,0xfa7324035be06e05e124f0447ddcfade547d6751ba11a9536025049bf6d5580a,0xbad000006db10503589262b55d09bb7b3c5e1472,0xbbbbb048b1a85ca221058c45525095b6a68bbbbb,2026-08-09T11:10:20,repeated_internal_token_drain;dense_internal_fund_flow;complex_trace;high_gas_used_context;token_activity_burst;repeated_risky_internal_calls,0xa9059cbb,true
25714635,0x773267bfcd24e56493fce2cf111e5bb04b1811c90c03bfb1937dd4417d6c76a1,0x59aab1bd0d26290274398c07b55955c15425e16b,0x00fe78205f5f0e63b8ad2b2ae5337f538a610e04,2026-08-09T11:10:23,complex_trace;high_gas_used_context,0x34fcd5be,false
25714636,0x071d3a82e02c3123527a944beaa0251803b3aab0e75b724a806eb930de67f76d,0x025080f14aa3305049f9ce08d7b92368d54cb9b6,0xcb0151ac9479a6a0261622baa63ae843c9793d45,2026-08-09T11:10:29,large_erc20_asset_flow;very_complex_trace;high_gas_used_context;token_activity_burst;approval_burst,0x64cd187f,true
25714636,0x7529d97b371cb045d6e460dd8385bca5a6e4090ad075eca82615ccb0da1579c0,0x8f61ee081111e6bce0301a4bd5567d02322c8f9f,0xb300000b72deaeb607a12d5f54773d1c19c7028d,2026-08-09T11:10:29,complex_trace;high_gas_used_context;token_activity_burst,0x810c705b,false
25714636,0x793c8a59c8092d75094fc8bd1a1faf8be7f2ae8db38b4fa5c68ed6e00929bda4,0xcfb481dad0a5acf826e317b4423ee6f0cd3876c4,0x0000000071727de22e5e9d8baf0edac6f37da032,2026-08-09T11:10:29,complex_trace;high_gas_used_context;token_activity_burst,0x765e827f,false
25714636,0xa851aeebe7c2722b80b10c5bdd29b7e4016bbcc7ef2e75e1e0cfae594a0b1e1c,0x7b49bc3ebbdf7322f31c6449320382bbec3be1b6,0xad3b67bca8935cb510c8d18bd45f0b94f54a968f,2026-08-09T11:10:29,complex_trace;high_gas_used_context;token_activity_burst;approval_burst,0x146ee74d,false
25714636,0xb83c373000c685aefbb01b24c9a5a0c3c3412fe750e54618426762b52287ca38,0xe487832018fbd594c84f1db3dfac61cde98a5f36,0x91ff8bbd8ebb07893010d50a48a1609e5ebd8e34,2026-08-09T11:10:29,complex_trace;high_gas_used_context,0x069d1525,false
25714636,0x1460a9f84d64d76a06f78b772364429a3fd492cf2761d9e0706351ae923cca82,0x0cd7e1660d63a6aebda782a2eb7f2875716ac3e8,0x6131b5fae19ea4f9d964eac0408e4408b66337b5,2026-08-09T11:10:30,complex_trace;high_gas_used_context;token_activity_burst,0xe21fd0e9,false
25714636,0x1cd4d09ead05a9c6f00b36ae7bd702e787f721c3ec3633ba92ca9343e210d3b6,0xe2e5b2300710fe8d282670d89dce740065fe42a5,0x337685fdab40d39bd02028545a4ffa7d287cc3e2,2026-08-09T11:10:30,dense_internal_fund_flow;complex_trace,0x30dedc57,true
25714636,0x0f115e866c16bdd23c339b41791c5056eaff398bae380bde67ec1fb8d86272e7,0x197d0b8d520667f6a14ce98215c2f945e6cd3ccc,0x663dc15d3c1ac63ff12e45ab68fea3f0a883c251,2026-08-09T11:10:31,dense_internal_fund_flow;complex_trace;high_gas_used_context,0x4d8160ba,true
25714636,0x494bfd066fa37b8107698beb6392f86ee992ec854cc4f0492ff367fbae76b55d,0xa154b98e53fc35e1bad1ff758acbc8c629bdcd2b,0x19917386eeae67b6ff7ddf07de4019fca40aa4ec,2026-08-09T11:10:31,repeated_internal_token_drain;dense_internal_fund_flow;complex_trace;high_gas_used_context;token_activity_burst;repeated_risky_internal_calls,0xa9059cbb,true
25714636,0x4961d3c456b7d7dbde19a809f5df0a3d46c99de51f8a745ea929e47b247c2968,0xd714e1d25067c2421ea58b962d900732f77ab23b,0xcd2bdb8af031d29d2bc38ef08b842d31e344384c,2026-08-09T11:10:31,complex_trace;high_gas_used_context;token_activity_burst,0xa9059cbb,false
25714636,0x8a00748ee6919fcbd2c12053c941a1e05c355e5670a82ef22651b39fe98410e0,0x59aab1bd0d26290274398c07b55955c15425e16b,0x00fe78205f5f0e63b8ad2b2ae5337f538a610e04,2026-08-09T11:10:31,complex_trace;high_gas_used_context,0x34fcd5be,false
25714636,0xc2f3a8c6897d7c16d1f66069f432a98de3cd7f7322f7ccfeab7608079534d0c3,0x00d9fe085d99b33ab2aae8063180c63e23bf2e69,0x75884f3ada15c953529abaac6549d5204135ec36,2026-08-09T11:10:31,repeated_internal_token_drain;dense_internal_fund_flow;complex_trace;high_gas_used_context;token_activity_burst;repeated_risky_internal_calls,0xa9059cbb,true
25714637,0x1abfc48ad83f337dc1e21387f6f51b9ea7de25d163f9b4b69db5b92578971095,0x2767ae7e0c205425a7b7f7583c512513c527f482,0x96d3a49a2b5ceb40393d1040dade85fd70c01174,2026-08-09T11:10:39,repeated_internal_token_drain;dense_internal_fund_flow;very_complex_trace;high_gas_used_context;token_activity_burst;repeated_risky_internal_calls,0xff4d46ec,true
25714637,0xcfcff0fa7f16c62bb4386600fbc1ea7308d515e2b0c4a4109a8f119fb7202d60,0x0ead4ec705cede9021aa702d2c49b8ed3ececb10,0x7bb8cfa447fdc8abb74af178e8d9ee968a648d66,2026-08-09T11:10:39,complex_trace;high_gas_used_context,0x2e0c6b6c,false
25714637,0x581678bee24ff12a34099f3161eae23e428a3535e54499ce0fc6f4326a578639,0x2767ae7e0c205425a7b7f7583c512513c527f482,0x96d3a49a2b5ceb40393d1040dade85fd70c01174,2026-08-09T11:10:40,repeated_internal_token_drain;dense_internal_fund_flow;very_complex_trace;high_gas_used_context;token_activity_burst;repeated_risky_internal_calls,0xff4d46ec,true
25714637,0x6b658a7a699217d5a56f45b460412973f58d9f506a7b099ff241422b422f9247,0x59aab1bd0d26290274398c07b55955c15425e16b,0x00fe78205f5f0e63b8ad2b2ae5337f538a610e04,2026-08-09T11:10:40,complex_trace;high_gas_used_context,0x34fcd5be,false
25714637,0x9074113c90002f4699fd4d660831168b01c606ef44a65f95f19e80b3ccc3445a,0x67b21be95134a17cd75b79aff2ee026d6c939d6a,0x28b1dc1a5e3699a428bc51d234dfab7c9cb2a183,2026-08-09T11:10:40,dense_internal_fund_flow;complex_trace;high_gas_used_context,0x0c307f76,true
25714638,0x09a16d0026b56bfa11fbd6d63a5905b61b51dc837a278a4bde7c2ed48595b29c,0xd095f5814c20ccadd8c8609c5006a5f142bdb81d,0x881d40237659c251811cec9c364ef91dc08d300c,2026-08-09T11:10:47,large_erc20_asset_flow;complex_trace,0x5f575529,true
25714638,0x1ae9748751f71e9f083e1b5bf4f15d6f3bc9ce13db8cfa7168a01bf54e74f89f,0x7b49bc3ebbdf7322f31c6449320382bbec3be1b6,0xad3b67bca8935cb510c8d18bd45f0b94f54a968f,2026-08-09T11:10:47,complex_trace;high_gas_used_context;token_activity_burst;approval_burst,0x146ee74d,false
25714638,0x66c00369c986f74f52981549fcc0440fae5cd366075258f07e1cd14453d06a0b,0xe487832018fbd594c84f1db3dfac61cde98a5f36,0x91ff8bbd8ebb07893010d50a48a1609e5ebd8e34,2026-08-09T11:10:48,complex_trace;high_gas_used_context,0x069d1525,false
25714638,0xa352d4efe1b7ab644246f00f738a47dc99a5dbffd15801b2f6854596625ff566,0x59aab1bd0d26290274398c07b55955c15425e16b,0x00fe78205f5f0e63b8ad2b2ae5337f538a610e04,2026-08-09T11:10:48,complex_trace;high_gas_used_context,0x34fcd5be,false
25714638,0xc176d8fb51ba5cc34d296d08183421b5aefbce9726f14047bdfe1fc5c01803a6,0x2767ae7e0c205425a7b7f7583c512513c527f482,0x96d3a49a2b5ceb40393d1040dade85fd70c01174,2026-08-09T11:10:48,repeated_internal_token_drain;dense_internal_fund_flow;very_complex_trace;high_gas_used_context;token_activity_burst;repeated_risky_internal_calls,0xff4d46ec,true
25714638,0xda51cc1be0cd78ee3dccaae07cdb9c92bb2ab59ab01c8d5370779dfc1af5c36a,0x2767ae7e0c205425a7b7f7583c512513c527f482,0x96d3a49a2b5ceb40393d1040dade85fd70c01174,2026-08-09T11:10:48,repeated_internal_token_drain;dense_internal_fund_flow;very_complex_trace;high_gas_used_context;token_activity_burst;repeated_risky_internal_calls,0xff4d46ec,true
25714639,0x439d52ae859634331fa0627e70c83e743846c131a815812a84687b3b72e05e06,0xe85091501587b32a323be2512b36fab392d7c6bc,0x33ed4c0eab7823019b4a0fefec4eb760e71f377e,2026-08-09T11:10:53,complex_trace;high_gas_used_context,0x111966f6,false
25714639,0x630cfb3363ebd0916778fbdbdb25eeaf99fc9af62d173aa14dae1cd8606d401e,0x4549fbf04c84aac0d6ab50fb6e19b2c231415390,0x0000000071727de22e5e9d8baf0edac6f37da032,2026-08-09T11:10:53,complex_trace;high_gas_used_context,0x765e827f,false
25714639,0x1a692ed1145cd102a61da23eb765c7e5eae02dfd623fc3cf523099dde7f3b84a,0xf70da97812cb96acdf810712aa562db8dfa3dbef,0xb92fe925dc43a0ecde6c8b1a2709c170ec4fff4f,2026-08-09T11:10:54,dense_internal_fund_flow;complex_trace,0xcd6e13f7,true
25714639,0x363925f515e93c550ede14108d9de9bb78f48bca31d71647c4f96b563cf7b17e,0xe487832018fbd594c84f1db3dfac61cde98a5f36,0x91ff8bbd8ebb07893010d50a48a1609e5ebd8e34,2026-08-09T11:10:54,complex_trace;high_gas_used_context,0x069d1525,false
25714639,0x3f1aabd3ccfff6f75f2fc6c3d39a1a06dc261d8addfb5d3e004cf31576a8c5fa,0x7b49bc3ebbdf7322f31c6449320382bbec3be1b6,0xad3b67bca8935cb510c8d18bd45f0b94f54a968f,2026-08-09T11:10:54,complex_trace;high_gas_used_context;token_activity_burst;approval_burst,0x146ee74d,false
25714639,0x5a0040902a257c0fd1e5b699ccdd9b3d5f5fd6fcdfb498ba8c5feb4d73119c89,0x59aab1bd0d26290274398c07b55955c15425e16b,0x00fe78205f5f0e63b8ad2b2ae5337f538a610e04,2026-08-09T11:10:55,complex_trace;high_gas_used_context,0x34fcd5be,false
25714640,0x0d3452b3afcb6005c69244fa879d3b080698cdf919c5aa5c1c67bb645320a8ce,0x59aab1bd0d26290274398c07b55955c15425e16b,0x00fe78205f5f0e63b8ad2b2ae5337f538a610e04,2026-08-09T11:10:58,complex_trace;high_gas_used_context,0x34fcd5be,false
25714641,0x3b39270cca6c8e38ce1e123690edb76524ea1d8925b5dd5aed1968bf4f239e4e,0xe99bd1c2dd70cd58e5efd47887991700e7318ce2,0xad3b67bca8935cb510c8d18bd45f0b94f54a968f,2026-08-09T11:11:06,complex_trace;token_activity_burst;approval_burst,0x146ee74d,false
25714641,0xb9be073b0c091c16c37a5a03baef781af0947c20f9e12a9e05be21a86479b8eb,0x9c97ee995ee9d19f5afbb2bd979c6ede03000e7f,0x0000000071727de22e5e9d8baf0edac6f37da032,2026-08-09T11:11:06,complex_trace;high_gas_used_context,0x765e827f,false
25714641,0xb9f51a8e26e0d0e3f199e4afc39905e13d52d8630255cf4dc3b9893777ca66b5,0xe20446cccbfd5f9038e747f1dea8016ecbd94ae5,0x442be06bb5d13711a22ccd3fa382b72a874c5135,2026-08-09T11:11:06,privileged_execution_context;complex_trace,0xf7b5c341,false
25714641,0x151d2c2ddb6ddc1d5d8e3a50d3cece1f500acc738280613e7fe1213bfc2d93c5,0x5f8769281662a4af0175f7efe521892c52850ac6,0x40a6700b99115cda7b12bd0e21db1be8ae524bf2,2026-08-09T11:11:07,complex_trace;high_gas_used_context;token_activity_burst,0xa9059cbb,false
25714641,0x446f56d3dd16268481a65053827a35a81dacf8b86240da45c81aa2d350fd4283,0x3d4e12d540cf67a9c38da66a20943acac075725d,0x1eeda6359b726f7e5a662288ed7f1793ed6788b9,2026-08-09T11:11:07,complex_trace;high_gas_used_context;token_activity_burst,0xa9059cbb,false
25714641,0x70a1582040b557084731d1ea2bfa92888e08149b5b0dae55d869e83b36cd3a0d,0xe487832018fbd594c84f1db3dfac61cde98a5f36,0x91ff8bbd8ebb07893010d50a48a1609e5ebd8e34,2026-08-09T11:11:07,complex_trace;high_gas_used_context,0x069d1525,false
25714641,0xb9ee5926c4815a2094c692b140776ee7c1d915cccee520698f38c7af2b3d9960,0xb57e20c15c19d172af38211170c1f7181a49a3b4,0x0000000000000068f116a894984e2db1123eb395,2026-08-09T11:11:07,complex_trace;token_activity_burst,0x87201b41,false
25714642,0x359dfd2f80456aeb63b9cb8fc0fb4d1e245f2136655c375eb1e6b3a6eb88afea,0x1fee0d6bbdd046daf9797c3b1b650243ac01a69f,0x111631619f8a9f4c96db7427c5dd658976483102,2026-08-09T11:11:16,complex_trace;high_gas_used_context,0x5f488d86,false
25714642,0x6d628f5bf0cc90d0404646b1914d2a6730e7b8fef76d48ab2ad94189e83c89e2,0xa67d7eb4dc68fa6ce8e34ef8cadaf075b9893fbb,0xca11bde05977b3631167028862be2a173976ca11,2026-08-09T11:11:16,large_erc20_asset_flow,0x174dea71,true
25714642,0x8dbd4a24adc93d56d94b9c103b2b80ac730fcd786a474ba4e38a0396f9774bc1,0xe487832018fbd594c84f1db3dfac61cde98a5f36,0x91ff8bbd8ebb07893010d50a48a1609e5ebd8e34,2026-08-09T11:11:16,complex_trace;high_gas_used_context,0x069d1525,false
25714642,0x5b6902515ee388fd9d421000c5a2edf62f629244fe9f39a6a8f873b350a3b5f4,0xe1c7c547029a31287038121f0b003e74a178ce7b,0xd01607c3c5ecaba394d8be377a08590149325722,2026-08-09T11:11:17,dense_internal_fund_flow;complex_trace,0x80500d20,true
25714643,0x3e02dd7bacda23e5becf2271773f90f0a8ca7b18c696d086f9e9bb1219392e4f,0xcb0f8e62a219381a144fef9e80236da0cba8beca,0x0000000071727de22e5e9d8baf0edac6f37da032,2026-08-09T11:11:24,dense_internal_fund_flow;complex_trace;high_gas_used_context;token_activity_burst,0x765e827f,true
25714643,0xb2eac3729547aa034cfb42bf9d9a898a53cb7734e1c42576cef8a821a929fd5b,0xbe9f0a8b32a13aa34f4946938fda6350b3c559aa,0x28b1dc1a5e3699a428bc51d234dfab7c9cb2a183,2026-08-09T11:11:25,complex_trace;token_activity_burst,0x0c307f76,false
25714643,0x885bcce0a7881fd6a4ab89f95b7efecbe68f388c9eb1ecabf5c06f7f6e577eb6,0xe487832018fbd594c84f1db3dfac61cde98a5f36,0x91ff8bbd8ebb07893010d50a48a1609e5ebd8e34,2026-08-09T11:11:27,complex_trace;high_gas_used_context,0x069d1525,false
25714644,0x66a37edc114b24a39d47b112134cc23ae75f1db4e0d5327b1522ec8c65bdd83f,0x8b65363a01510490fba03cea97b14c73b7ee8f75,0x2f9ec37d6ccfff1cab21733bdadede11c823ccb0,2026-08-09T11:11:30,dense_internal_fund_flow,0xb77d239b,true
25714644,0x7f3159c3685987e8fa629b044da95c1be2cccb8b390b2799afa5411a75f3d1c7,0x5b43453fce04b92e190f391a83136bfbecedefd1,0xbdb3ba9ffe392549e1f8658dd2630c141fdf47b6,2026-08-09T11:11:30,dense_internal_fund_flow;complex_trace;high_gas_used_context;token_activity_burst,0x000000c3,true
25714644,0x82c26e9771cb326bf1da22d33823d81ea72a90873bed451fedc6c675f19d1c17,0x7830c87c02e56aff27fa8ab1241711331fa86f43,0xa9d1e08c7793af67e9d92fe308d5697fb81d3e43,2026-08-09T11:11:30,dense_internal_fund_flow,0x1a1da075,true
25714644,0xc7996d8e0177c8c1643cbeacfa9c75b53d7ad12fd9e1ea0633bc0e8943a83f63,0xe487832018fbd594c84f1db3dfac61cde98a5f36,0x91ff8bbd8ebb07893010d50a48a1609e5ebd8e34,2026-08-09T11:11:30,complex_trace;high_gas_used_context,0x069d1525,false
25714644,0x14631877339c44528e9d8d265b19becc890bc5ca815bbbb214324d885f586a8f,0xa154b98e53fc35e1bad1ff758acbc8c629bdcd2b,0x19917386eeae67b6ff7ddf07de4019fca40aa4ec,2026-08-09T11:11:31,complex_trace;high_gas_used_context;token_activity_burst,0xa9059cbb,false
25714645,0x55f27c079e9edc655674c1ec916b49ff5770c12bb095c0b40fd975c7a308a76f,0x08671b7fa8d26047ec0ae2d2cf068747b50f2796,0xb300000b72deaeb607a12d5f54773d1c19c7028d,2026-08-09T11:11:38,dense_internal_fund_flow;complex_trace,0x810c705b,true
25714645,0x8011b6406de1581d50924333ed64e947a8ae26b532922592364ffa59d838fc01,0x04fa140a9bd6491a30b6ddf91e3496f60acdc980,0x0000000000001ff3684f28c67538d4d072c22734,2026-08-09T11:11:38,dense_internal_fund_flow;complex_trace;high_gas_used_context;token_activity_burst,0x2213bc0b,true
25714645,0x80ddacccf40082a9ccd82b01baf4e28f6e79898f6b4f4f90a3132303600887c7,0x006d9f269695ad9eb8f727f042ee380684332916,0x84f2da46443f97c7d7cc00ee662429d38ae535ba,2026-08-09T11:11:38,large_erc20_asset_flow;very_complex_trace;high_gas_used_context;token_activity_burst,0x61ef6575,true
25714645,0xfb1c02f5d591b7eb87eb75352ef9a6680088aa89fd2cbc97e482e2c9e71b658e,0xe487832018fbd594c84f1db3dfac61cde98a5f36,0x91ff8bbd8ebb07893010d50a48a1609e5ebd8e34,2026-08-09T11:11:38,complex_trace;high_gas_used_context,0x069d1525,false
25714646,0xb51fef1fc6bb1d0a43217c6ea32666fc868abfc53fd713e2991eda6a72110029,0x668001289b9da5a23840a6d4fa195d977f23bb3b,0x0000000071727de22e5e9d8baf0edac6f37da032,2026-08-09T11:11:44,complex_trace;high_gas_used_context;token_activity_burst,0x765e827f,false
25714646,0x150d7cdbf092ca5ade0b04e44e6c0a425955100a7d452ec37d306863acbaba24,0xb1ca4a18aff443656f407fa8be3533ff27dde911,0x9da8b48441583a2b93e2ef8213aad0ec0b392c69,2026-08-09T11:11:45,large_erc20_asset_flow;complex_trace;high_gas_used_context,0xe7c438c9,true
25714646,0x3a01dd40b9cb28715edc33f65b7465f34a46c6faff98bdef139bd2ac6fe80d4e,0x062ce42cae04c51d04e77e3d64cc8953a2296ffe,0x8a25a24ede9482c4fc0738f99611be58f1c839ab,2026-08-09T11:11:45,large_erc20_asset_flow;complex_trace,0x6a761202,true
25714646,0xfb94affa663cb0a830fd4285a9a2ebaa981f91afc782166678930beda2989e5d,0xa85ba5e6fa1ada681c1a2096ef7e1412cc4094ce,0x97caca78ac2a94c67643d07843f85afaa44a3ea5,2026-08-09T11:11:45,dense_internal_fund_flow;complex_trace,0xc02409ba,true
25714647,0x36210aa54a737c18842800e4b8e2fee235069844520b7e228e0716aa7c497bdb,0x0e40a8cffb09ce552ce739ba8c60f352523726ad,0xbc1d9760bd6ca468ca9fb5ff2cfbeac35d86c973,2026-08-09T11:11:59,dense_internal_fund_flow;complex_trace;high_gas_used_context;token_activity_burst,0xd984396a,true
25714647,0x4e3add560481b581d8a8e223ca2b62cee33fe3156667090caf71bbad1f9ad6c7,0xc6b3444f80237397c7042c77a88706c2e6bb588a,0xda27e18bef83bcf38197b6120a78c15319534d43,2026-08-09T11:11:59,complex_trace;high_gas_used_context,0x25b6488b,false
25714647,0x554832c20ef74aae54861498f3b9ad46abab2dfc86559f6a2c4b7ead37d494aa,0xabfc770746b00b4a92a780c0320df18877efb697,0x6131b5fae19ea4f9d964eac0408e4408b66337b5,2026-08-09T11:11:59,dense_internal_fund_flow;complex_trace,0xe21fd0e9,true
25714647,0xbfa0eae269d0a3e2e5af6befc04f9e73da32626000cbe584ed3906c58bb8fa59,0x70e59f9c304e4d5096bd408b571e2dcd99c3120b,0xad3b67bca8935cb510c8d18bd45f0b94f54a968f,2026-08-09T11:11:59,complex_trace;high_gas_used_context;token_activity_burst;approval_burst,0x146ee74d,false
25714648,0x124820815c20678994183aad02be9d4ff124cc72eb0d2810df539dd2fe8664be,0x930feae1b277ff60b836d2ce27f162555a5b98b9,0xf708e11a7c94abde8f6217b13e6fe39c8b9cc0a6,2026-08-09T11:12:01,complex_trace;high_gas_used_context;token_activity_burst,0x8d44ea24,false
25714648,0x571506dc1f4c86621b486d6da34baca96a73929ff9bd772120e31176695c1f09,0x3cfdc212769c890907bce93d3d8c2c53de6a7a89,0x0000000071727de22e5e9d8baf0edac6f37da032,2026-08-09T11:12:02,privileged_execution_context;complex_trace,0x765e827f,false
25714649,0x0704d84e852a8efd638c58858fe4a340b620c5d93a83dfb1153edf662eed590f,0x668001289b9da5a23840a6d4fa195d977f23bb3b,0x0000000071727de22e5e9d8baf0edac6f37da032,2026-08-09T11:12:15,complex_trace;high_gas_used_context;token_activity_burst,0x765e827f,false
25714649,0x0bdd56e0ded036647dfc1c282ac39a48f49b9656123df48d1d602f18cfa948d5,0x44df73cb1cca266156d0a5f2b226829678891db6,0x1231deb6f5749ef6ce6943a275a1d3e7486f4eae,2026-08-09T11:12:15,dense_internal_fund_flow;complex_trace;high_gas_used_context,0x80c65808,true
25714649,0x8faf09af15a3a82c93e27c6c3068b812dab4f064f67214ef34af4c465d5ce574,0x15c0f13290529c44436cd926b92e7f54ef8a7a54,0x0000000000001ff3684f28c67538d4d072c22734,2026-08-09T11:12:15,dense_internal_fund_flow;complex_trace;high_gas_used_context;token_activity_burst,0x2213bc0b,true
25714649,0x5e6e2d787ec98f6b6391991381ec4250030df2f5ddee1f0a5aec637bb9517530,0xdda3b51e29f9d6fad865c5dd7070d5f7eb57663e,0x8d8210a0252a706cb5de0c6f8e46b6d3692afc19,2026-08-09T11:12:17,complex_trace;high_gas_used_context,0xffc3a769,false
25714650,0xfd90174765dbae4d66222209e0671d9d66b3b975ee8e07a3a1f80dc12ae98fde,0x2767ae7e0c205425a7b7f7583c512513c527f482,0x96d3a49a2b5ceb40393d1040dade85fd70c01174,2026-08-09T11:12:27,repeated_internal_token_drain;dense_internal_fund_flow;very_complex_trace;high_gas_used_context;token_activity_burst;repeated_risky_internal_calls,0xff4d46ec,true
25714650,0x1d22a75e54be88fc7e2d9c5f9951a5c7e6ac5e71b92d1e7e0b6c6e4a3119ac55,0x2767ae7e0c205425a7b7f7583c512513c527f482,0x96d3a49a2b5ceb40393d1040dade85fd70c01174,2026-08-09T11:12:29,repeated_internal_token_drain;dense_internal_fund_flow;very_complex_trace;high_gas_used_context;token_activity_burst;repeated_risky_internal_calls,0xff4d46ec,true
25714651,0x2011d1306a8230ab32b8be78117135fb82a59cc85d8da56d34ca5d869995bc91,0x2767ae7e0c205425a7b7f7583c512513c527f482,0x96d3a49a2b5ceb40393d1040dade85fd70c01174,2026-08-09T11:12:38,repeated_internal_token_drain;dense_internal_fund_flow;very_complex_trace;high_gas_used_context;token_activity_burst;repeated_risky_internal_calls,0xff4d46ec,true
25714651,0x707bf17df429ee7863a3567403f05cab844afce0e2ac6380d23c12644370526e,0x01e9290d607d2de66e4c3a8326dccfcad67097b1,0x03f34be1bf910116595db1b11e9d1b2ca5d59659,2026-08-09T11:12:38,dense_internal_fund_flow;complex_trace,0xe47d166c,true
25714651,0xa135919047c1fa33d63d6d9f35e9d6dc7e209770f45c68ecb311e591011ccaf8,0x00d9fe085d99b33ab2aae8063180c63e23bf2e69,0x75884f3ada15c953529abaac6549d5204135ec36,2026-08-09T11:12:38,repeated_internal_token_drain;dense_internal_fund_flow;complex_trace;high_gas_used_context;token_activity_burst;repeated_risky_internal_calls,0xa9059cbb,true
25714651,0xc84495710132ec463f40a0356ccf5970460c915a4cc271d5f3f05313467619df,0x2767ae7e0c205425a7b7f7583c512513c527f482,0x96d3a49a2b5ceb40393d1040dade85fd70c01174,2026-08-09T11:12:38,repeated_internal_token_drain;dense_internal_fund_flow;very_complex_trace;high_gas_used_context;token_activity_burst;repeated_risky_internal_calls,0xff4d46ec,true
25714651,0xde937a3b8a5f98322426222214003641609b4f4ff317003253ca54fa949e6b21,0x5b43453fce04b92e190f391a83136bfbecedefd1,0xbdb3ba9ffe392549e1f8658dd2630c141fdf47b6,2026-08-09T11:12:38,complex_trace;high_gas_used_context;token_activity_burst,0x000000c3,false
25714651,0xe07228bf052654c4463a2d4aee7885913467e439ee8e52525cee66ba7a6d150a,0x2767ae7e0c205425a7b7f7583c512513c527f482,0x96d3a49a2b5ceb40393d1040dade85fd70c01174,2026-08-09T11:12:38,repeated_internal_token_drain;dense_internal_fund_flow;very_complex_trace;high_gas_used_context;token_activity_burst;repeated_risky_internal_calls,0xff4d46ec,true
25714653,0x22381c37a129e0675b1ecf7ffb174821fd40b7cb495d58b884c9d21c5624b2c4,0x5b43453fce04b92e190f391a83136bfbecedefd1,0xbdb3ba9ffe392549e1f8658dd2630c141fdf47b6,2026-08-09T11:13:17,complex_trace;token_activity_burst,0x000000c3,false
25714653,0x64790ef5a488c28f826dc58259fa1dafbc68ee4332f8afe3ca4e6d22b80528a0,0xcb0f8e62a219381a144fef9e80236da0cba8beca,0x0000000071727de22e5e9d8baf0edac6f37da032,2026-08-09T11:13:17,complex_trace;high_gas_used_context;token_activity_burst,0x765e827f,false
25714653,0x940f8baa8060a489b4e13f80077303518629d363c8c6a2f33c55b9f609cb3763,0xc85e5955978f68f3cca810703efebcb4bedf469c,0x10f4c55aa15bf3ddcb3b8ac621a8db2649799da3,2026-08-09T11:13:18,complex_trace;high_gas_used_context,0x032f02dd,false
25714653,0x9b408a1992dca5be35b94ad7a3b982d51aa13e77ed33f2f5fe8e018f372090b5,0x47da8dba29f6ed62fcd95acdaaeda07d6a947147,0xb49b1f78838f4889836ca0bd13521b42f47de5c1,2026-08-09T11:13:18,complex_trace;high_gas_used_context,0x11da60b4,false
25714653,0x19b89a2803c85c8cb71675e3eee64bf95d2cf41f80febadaea8cc0e0ff4aa0b6,0x59aab1bd0d26290274398c07b55955c15425e16b,0x00fe78205f5f0e63b8ad2b2ae5337f538a610e04,2026-08-09T11:13:19,complex_trace;high_gas_used_context,0x34fcd5be,false
25714653,0x438539fbe72ef0a8c105a825275fa7aaa44e1b071c20d6ec5b4b360a30284248,0x2767ae7e0c205425a7b7f7583c512513c527f482,0x96d3a49a2b5ceb40393d1040dade85fd70c01174,2026-08-09T11:13:19,repeated_internal_token_drain;dense_internal_fund_flow;very_complex_trace;high_gas_used_context;token_activity_burst;repeated_risky_internal_calls,0xff4d46ec,true
25714653,0xdee95408171bf7ae448c8a09595db6334d22ccc24af21b648968a4015ccf604b,0x16c9b60e68fa30bfa819cee16938a2ef3e26d227,0x337685fdab40d39bd02028545a4ffa7d287cc3e2,2026-08-09T11:13:19,dense_internal_fund_flow;complex_trace,0xfa74fd43,true
25714654,0xf0f0ae11227eea6cf64f26f0d1f57131d279a3ab8de73d8a6e3667e70a35af67,0x04c62b449056d592474830d647d25451ee9c5f40,0x36331e299247e5d0d3261e1d9852f6e0cffee95c,2026-08-09T11:13:41,dense_internal_fund_flow;complex_trace,0xca8bd1f9,true
25714654,0x83c4e4cb32e18ff58e17cb2cea3903e3e1941d493267a6adc0c27d0579cf2960,0x2767ae7e0c205425a7b7f7583c512513c527f482,0x96d3a49a2b5ceb40393d1040dade85fd70c01174,2026-08-09T11:13:42,repeated_internal_token_drain;dense_internal_fund_flow;very_complex_trace;high_gas_used_context;token_activity_burst;repeated_risky_internal_calls,0xff4d46ec,true
25714654,0xfa9b72b3b2146b05cc9746ea46d327168390f14570c4b5c6b9985479adda9710,0x2767ae7e0c205425a7b7f7583c512513c527f482,0x96d3a49a2b5ceb40393d1040dade85fd70c01174,2026-08-09T11:13:42,repeated_internal_token_drain;dense_internal_fund_flow;very_complex_trace;high_gas_used_context;token_activity_burst;repeated_risky_internal_calls,0xff4d46ec,true
25714655,0x28eef08d131f93785a037b369a22cc93d974ead60fd9d9b2181497d633d8c9cf,0x7db36bbf16c9db135e920fe6dbf375c4ee80925e,0xd01607c3c5ecaba394d8be377a08590149325722,2026-08-09T11:13:49,dense_internal_fund_flow;complex_trace,0x80500d20,true
25714655,0x3766415a0c6ec9c57370e3a3491dfaccc5d1f11f126e0006757d8bd983381fb9,0x59aab1bd0d26290274398c07b55955c15425e16b,0x00fe78205f5f0e63b8ad2b2ae5337f538a610e04,2026-08-09T11:13:51,complex_trace;high_gas_used_context,0x34fcd5be,false
25714655,0x75048e99adb8dde632b082f089671e02fe3895070c74ef90093c6cc5f319c202,0x3d4e12d540cf67a9c38da66a20943acac075725d,0x1eeda6359b726f7e5a662288ed7f1793ed6788b9,2026-08-09T11:13:51,complex_trace;high_gas_used_context;token_activity_burst,0xa9059cbb,false
25714656,0x77eb7c380d95603471de7f7dd1c8c0f54df02096141743c9ecaea26ae6fd731f,0x2ceb0a3994d66ca682db6f861e77623929e711d8,0x951a1ca3ad7ad2e055226783d32c9e8a69188485,2026-08-09T11:14:06,dense_internal_fund_flow,0xfb3a6007,true
25714656,0x1abd4370e7cbfd2f0aa49da589b27d40ea36e59dfddc9c0967445248efd6840a,0xd714e1d25067c2421ea58b962d900732f77ab23b,0xcd2bdb8af031d29d2bc38ef08b842d31e344384c,2026-08-09T11:14:07,repeated_internal_token_drain;dense_internal_fund_flow;complex_trace;high_gas_used_context;token_activity_burst;repeated_risky_internal_calls,0xa9059cbb,true
25714656,0x5e9c1ff5b911b0d993be20abbb8d0eeac1df99f6e112551b83e1069db8a32258,0xdda3b51e29f9d6fad865c5dd7070d5f7eb57663e,0x8d8210a0252a706cb5de0c6f8e46b6d3692afc19,2026-08-09T11:14:07,complex_trace;high_gas_used_context,0xffc3a769,false
25714656,0xe2c6b8140e84afbd335e99ec7e2b97b19336d04d088d53c6902987f217d2e7d9,0x99a5b028d785a7bd475339b1f8548d6d659ce5c2,0x2d83ff1cb1c79c68fe530d35f439a92a645faded,2026-08-09T11:14:07,complex_trace;high_gas_used_context;token_activity_burst,0x07ed2379,false
25714656,0xcd352e0b1acf3843991580d3b960ebe309217f64e408207396906267c3f62f6c,0x59aab1bd0d26290274398c07b55955c15425e16b,0x00fe78205f5f0e63b8ad2b2ae5337f538a610e04,2026-08-09T11:14:08,complex_trace;high_gas_used_context,0x34fcd5be,false
25714657,0x5105b87f6a46c9b43bd3920531e2dc3256f44975b8d2f79e1e73b08d87512a63,0x59aab1bd0d26290274398c07b55955c15425e16b,0x00fe78205f5f0e63b8ad2b2ae5337f538a610e04,2026-08-09T11:14:22,complex_trace;high_gas_used_context,0x34fcd5be,false
25714657,0xa98a43ce3b3ee240c1c110d2c4f2d5c2fa07bdc8f635e5ecbf4bc94deaf0b70c,0xb3afb6db38a8e72905165c1fbb96772e63560790,0x9e0a538749a486bbf127f8848a6f2cf4e1e92dbd,2026-08-09T11:14:22,privileged_execution_context;complex_trace,0xd05c2c94,false
25714658,0x2d7813d7c1d933a6d087f7f580c033fa703fc849ea10fc1b3d26206cc813ac79,0xde992badd92adaf9146255e9bde6a70770973664,0x3d0f22bf11636cc9cb129e2b261eed35a487455c,2026-08-09T11:14:40,complex_trace;high_gas_used_context,0xa9059cbb,false
25714658,0x9f091c5051b893e22024f624c862d93b191c868572c87ba1df5d8f3333978894,0x09cfee647fa339133380191c8db6b44f24500c9d,0x77b85afbcd336993ac1c65057531c5a5b33b76b8,2026-08-09T11:14:40,repeated_internal_token_drain;dense_internal_fund_flow;complex_trace;high_gas_used_context;token_activity_burst;repeated_risky_internal_calls,0xa9059cbb,true
25714658,0xd3f398bb7c36366fcfbc3c48a91d1c0e9d63bc29f857f3e88217e036a36ca3ec,0x59aab1bd0d26290274398c07b55955c15425e16b,0x00fe78205f5f0e63b8ad2b2ae5337f538a610e04,2026-08-09T11:14:40,complex_trace;high_gas_used_context,0x34fcd5be,false
25714659,0xf7f94c8d38aeae8d9998be347050f25dca83c33e7de2a762a22ee21a838a97c3,0x22e49fed76e600b4d254f33ff95c758e2b6f64b3,0x888888888889758f76e7103c6cbf23abbf58f946,2026-08-09T11:14:50,large_erc20_asset_flow;complex_trace;token_activity_burst,0x60fc8466,true
25714660,0x0eb40f0fbb2212b2f74ac2b52a4e8162a963a40c8f891b2a368e250fe72569b9,0x7830c87c02e56aff27fa8ab1241711331fa86f43,0xa9d1e08c7793af67e9d92fe308d5697fb81d3e43,2026-08-09T11:14:59,dense_internal_fund_flow,0x1a1da075,true
25714660,0xb623a58a871657fec54e3509c7b9c5e5911a5b42686e73b03b245c083a5c5d0e,0x0e0052a184fd59c6b7e1e99d739802ecb3aec0e4,0xd82461784eb72d4b67cbab077989eb215315e272,2026-08-09T11:14:59,complex_trace;token_activity_burst;approval_burst,0xac9650d8,false
